-- generated by scripts/generate-content-seed.mjs
INSERT INTO public.foods (id, country, category, name, portion_text, grams, carbs_g, difficulty, item_type, notes) VALUES
('pan-blanco', 'España', 'Pan', 'Pan blanco', '1 rebanada', 25, 10, 'Baja', 'base', 'Base'),
('pan-integral', 'España', 'Pan', 'Pan integral', '1 rebanada', 25, 10, 'Baja', 'base', 'Base'),
('barra-pequena', 'España', 'Pan', 'Barra pequeña / trozo', '1 trozo', 30, 15, 'Baja', 'base', 'Base'),
('arroz-cocido', 'España', 'Cereales', 'Arroz cocido', '1/3 taza', 50, 15, 'Baja', 'base', 'Base'),
('pasta-cocida', 'España', 'Cereales', 'Pasta cocida', '1/3 taza', 50, 15, 'Baja', 'base', 'Base'),
('couscous-cocido', 'España', 'Cereales', 'Cuscús cocido', '1/2 taza', 60, 15, 'Media', 'base', 'Base'),
('patata-cocida', 'España', 'Tubérculos', 'Patata cocida/asada', '1/2 taza', 75, 15, 'Baja', 'base', 'Base'),
('patata-frita', 'España', 'Tubérculos', 'Patata frita', 'ración pequeña', 50, 15, 'Media', 'base', 'Plato mixto'),
('boniato', 'España', 'Tubérculos', 'Boniato', '1/2 taza', 70, 15, 'Media', 'base', 'Base'),
('lentejas-cocidas', 'España', 'Legumbres', 'Lentejas cocidas', '1/2 taza', 100, 15, 'Media', 'base', 'Plato mixto'),
('garbanzos-cocidos', 'España', 'Legumbres', 'Garbanzos cocidos', '1/2 taza', 100, 15, 'Media', 'base', 'Plato mixto'),
('alubias-cocidas', 'España', 'Legumbres', 'Alubias cocidas', '1/2 taza', 100, 15, 'Media', 'base', 'Plato mixto'),
('leche', 'España', 'Lácteos', 'Leche', '1 taza / 250 ml', 250, 12, 'Baja', 'base', 'Base'),
('yogur-natural', 'España', 'Lácteos', 'Yogur natural', '1 unidad', 125, 5, 'Baja', 'base', 'Base'),
('yogur-azucarado', 'España', 'Lácteos', 'Yogur azucarado', '1 unidad', 125, 10, 'Media', 'base', 'Base'),
('manzana', 'España', 'Fruta', 'Manzana pequeña', '1 unidad', 120, 15, 'Baja', 'base', 'Base'),
('naranja', 'España', 'Fruta', 'Naranja pequeña', '1 unidad', 130, 15, 'Baja', 'base', 'Base'),
('pera', 'España', 'Fruta', 'Pera pequeña', '1 unidad', 120, 15, 'Baja', 'base', 'Base'),
('platano', 'España', 'Fruta', 'Plátano pequeño', '1 unidad', 90, 15, 'Baja', 'base', 'Base'),
('uvas', 'España', 'Fruta', 'Uvas', '15-17 uvas', 100, 15, 'Media', 'base', 'Base'),
('sandia', 'España', 'Fruta', 'Sandía', '1 taza', 150, 15, 'Media', 'base', 'Base'),
('melon', 'España', 'Fruta', 'Melón', '1 taza', 150, 15, 'Media', 'base', 'Base'),
('fresas', 'España', 'Fruta', 'Fresas', '1 taza', 150, 10, 'Media', 'base', 'Base'),
('zanahoria', 'España', 'Verdura', 'Zanahoria cocida', '1/2 taza', 80, 10, 'Media', 'base', 'Base'),
('cebolla', 'España', 'Verdura', 'Cebolla', '1/2 taza', 80, 10, 'Media', 'base', 'Base'),
('calabaza', 'España', 'Verdura', 'Calabaza', '1 taza', 200, 15, 'Media', 'base', 'Base'),
('tomate', 'España', 'Verdura', 'Tomate', 'ración grande', 300, 10, 'Baja', 'base', 'Base'),
('pollo', 'España', 'Proteína', 'Pollo', '1 porción', 100, 0, 'Baja', 'modulator', 'Modulador'),
('carne', 'España', 'Proteína', 'Carne', '1 porción', 100, 0, 'Baja', 'modulator', 'Modulador'),
('pescado', 'España', 'Proteína', 'Pescado', '1 porción', 100, 0, 'Baja', 'modulator', 'Modulador'),
('huevo', 'España', 'Proteína', 'Huevo', '1 unidad', 60, 0, 'Baja', 'modulator', 'Modulador'),
('tortilla-patata', 'España', 'Plato mixto', 'Tortilla de patata', '1 porción', 180, 20, 'Alta', 'mixed', 'Mixto'),
('bocadillo', 'España', 'Plato mixto', 'Bocadillo', '1 unidad', 150, 30, 'Alta', 'mixed', 'Mixto'),
('paella', 'España', 'Plato mixto', 'Paella', '1 plato', 300, 45, 'Alta', 'mixed', 'Mixto'),
('lentejas-estofadas', 'España', 'Plato mixto', 'Lentejas estofadas', '1 plato', 300, 30, 'Alta', 'mixed', 'Mixto'),
('pasta-tomate', 'España', 'Plato mixto', 'Pasta con tomate', '1 plato', 300, 40, 'Alta', 'mixed', 'Mixto'),
('pizza', 'España', 'Plato mixto', 'Pizza', '1 porción', 150, 25, 'Alta', 'mixed', 'Mixto'),
('casabe', 'República Dominicana', 'Pan', 'Casabe', '1 pieza mediana', 30, 15, 'Baja', 'base', 'Base'),
('pan-sobao', 'República Dominicana', 'Pan', 'Pan sobao', '1 rollito', 40, 30, 'Baja', 'base', 'Base'),
('arroz-blanco-do', 'República Dominicana', 'Cereales', 'Arroz blanco', '1/3 taza', 50, 15, 'Baja', 'base', 'Base'),
('habichuelas-rojas', 'República Dominicana', 'Legumbres', 'Habichuelas rojas', '1/2 taza', 100, 15, 'Media', 'base', 'Base'),
('guandules', 'República Dominicana', 'Legumbres', 'Guandules', '1/2 taza', 100, 15, 'Media', 'base', 'Base'),
('mangu', 'República Dominicana', 'Tubérculos', 'Mangú', '1/2 taza', 100, 30, 'Media', 'base', 'Base'),
('guineo-verde', 'República Dominicana', 'Tubérculos', 'Guineo verde', '1/2 unidad', 60, 15, 'Baja', 'base', 'Base'),
('yautia', 'República Dominicana', 'Tubérculos', 'Yautía', '1/2 taza', 70, 15, 'Media', 'base', 'Base'),
('batata-do', 'República Dominicana', 'Tubérculos', 'Batata', '1/2 taza', 75, 15, 'Baja', 'base', 'Base'),
('tostones', 'República Dominicana', 'Tubérculos', 'Tostones', '3 unidades', 50, 15, 'Media', 'base', 'Base'),
('platano-maduro', 'República Dominicana', 'Fruta', 'Plátano maduro', '1/2 unidad', 70, 15, 'Baja', 'base', 'Base'),
('mango', 'República Dominicana', 'Fruta', 'Mango', '1/2 taza', 80, 15, 'Baja', 'base', 'Base'),
('chinola', 'República Dominicana', 'Fruta', 'Chinola (maracuyá)', '1/2 taza', 60, 15, 'Media', 'base', 'Base'),
('leche-do', 'República Dominicana', 'Lácteos', 'Leche', '1 taza', 240, 12, 'Baja', 'base', 'Base'),
('pollo-do', 'República Dominicana', 'Proteína', 'Pollo', '1 porción', 100, 0, 'Baja', 'modulator', 'Modulador'),
('moro-habichuelas', 'República Dominicana', 'Plato mixto', 'Moro de habichuelas', '1 plato', 250, 45, 'Alta', 'mixed', 'Mixto'),
('la-bandera', 'República Dominicana', 'Plato mixto', 'La bandera (arroz, habichuelas, carne)', '1 plato', 350, 45, 'Alta', 'mixed', 'Mixto'),
('es-chapata', 'España', 'Pan', 'Chapata', '1 rebanada', 35, 15, 'Baja', 'base', 'Base'),
('es-molde-integral', 'España', 'Pan', 'Pan de molde integral', '1 rebanada', 25, 10, 'Baja', 'base', 'Base'),
('es-croissant', 'España', 'Pan', 'Croissant', '1 unidad', 60, 30, 'Media', 'base', 'Base'),
('es-avena-cocida', 'España', 'Cereales', 'Avena cocida', '1/2 taza', 120, 15, 'Baja', 'base', 'Base'),
('es-muesli', 'España', 'Cereales', 'Muesli', '1/2 taza', 40, 25, 'Media', 'base', 'Base'),
('es-quinoa', 'España', 'Cereales', 'Quinoa cocida', '1/3 taza', 50, 15, 'Media', 'base', 'Base'),
('es-maiz-tortilla', 'España', 'Cereales', 'Tortilla de maíz', '1 unidad', 30, 15, 'Baja', 'base', 'Base'),
('es-galleta-maria', 'España', 'Cereales', 'Galleta María', '3 unidades', 18, 12, 'Baja', 'base', 'Base'),
('es-galleta-integral', 'España', 'Cereales', 'Galleta integral', '2 unidades', 20, 12, 'Baja', 'base', 'Base'),
('es-pan-rallado', 'España', 'Cereales', 'Pan rallado', '2 cucharadas', 15, 10, 'Media', 'base', 'Base'),
('es-pure-patata', 'España', 'Tubérculos', 'Puré de patata', '1/2 taza', 100, 15, 'Baja', 'base', 'Base'),
('es-nachos', 'España', 'Tubérculos', 'Nachos / patatas fritas bolsa', '1 ración', 30, 15, 'Media', 'base', 'Base'),
('es-judias-verdes', 'España', 'Legumbres', 'Judías verdes cocidas', '1 taza', 80, 10, 'Baja', 'base', 'Base'),
('es-soja-cocida', 'España', 'Legumbres', 'Soja cocida', '1/2 taza', 90, 10, 'Media', 'base', 'Base'),
('es-queso-fresco', 'España', 'Lácteos', 'Queso fresco', '1 porción', 60, 3, 'Baja', 'base', 'Base'),
('es-leche-desnatada', 'España', 'Lácteos', 'Leche desnatada', '1 taza', 250, 12, 'Baja', 'base', 'Base'),
('es-leche-avena', 'España', 'Lácteos', 'Bebida de avena', '1 taza', 200, 16, 'Media', 'base', 'Base'),
('es-helado', 'España', 'Lácteos', 'Helado', '1 bola', 50, 15, 'Media', 'base', 'Base'),
('es-mandarina', 'España', 'Fruta', 'Mandarina', '1 unidad', 100, 12, 'Baja', 'base', 'Base'),
('es-kiwi', 'España', 'Fruta', 'Kiwi', '1 unidad', 75, 10, 'Baja', 'base', 'Base'),
('es-pina', 'España', 'Fruta', 'Piña', '1 taza', 140, 15, 'Baja', 'base', 'Base'),
('es-ciruela', 'España', 'Fruta', 'Ciruela', '2 unidades', 120, 15, 'Baja', 'base', 'Base'),
('es-cerezas', 'España', 'Fruta', 'Cerezas', '1 taza', 120, 15, 'Media', 'base', 'Base'),
('es-arandanos', 'España', 'Fruta', 'Arándanos', '1 taza', 140, 15, 'Media', 'base', 'Base'),
('es-lechuga', 'España', 'Verdura', 'Lechuga', '2 tazas', 100, 5, 'Baja', 'base', 'Base'),
('es-pepino', 'España', 'Verdura', 'Pepino', '1 taza', 120, 5, 'Baja', 'base', 'Base'),
('es-pimiento', 'España', 'Verdura', 'Pimiento', '1/2 taza', 75, 5, 'Baja', 'base', 'Base'),
('es-brocoli', 'España', 'Verdura', 'Brócoli cocido', '1 taza', 90, 10, 'Baja', 'base', 'Base'),
('es-espinacas', 'España', 'Verdura', 'Espinacas cocidas', '1/2 taza', 90, 5, 'Baja', 'base', 'Base'),
('es-champinones', 'España', 'Verdura', 'Champiñones', '1 taza', 70, 5, 'Baja', 'base', 'Base'),
('es-atun', 'España', 'Proteína', 'Atún', '1 lata pequeña', 80, 0, 'Baja', 'modulator', 'Modulador'),
('es-jamon', 'España', 'Proteína', 'Jamón serrano', '2 lonchas', 30, 0, 'Baja', 'modulator', 'Modulador'),
('es-queso-curado', 'España', 'Proteína', 'Queso curado', '1 porción', 30, 0, 'Baja', 'modulator', 'Modulador'),
('es-tortilla-francesa', 'España', 'Plato mixto', 'Tortilla francesa', '1 porción', 120, 5, 'Media', 'mixed', 'Mixto'),
('es-ensalada-pasta', 'España', 'Plato mixto', 'Ensalada de pasta', '1 plato', 250, 35, 'Alta', 'mixed', 'Mixto'),
('es-sandwich-mixto', 'España', 'Plato mixto', 'Sandwich mixto', '1 unidad', 150, 30, 'Alta', 'mixed', 'Mixto'),
('es-crema-verduras', 'España', 'Plato mixto', 'Crema de verduras', '1 bol', 300, 20, 'Media', 'mixed', 'Mixto'),
('es-lentejas-sopa', 'España', 'Plato mixto', 'Sopa de lentejas', '1 bol', 300, 25, 'Alta', 'mixed', 'Mixto'),
('es-croqueta', 'España', 'Plato mixto', 'Croqueta', '2 unidades', 60, 15, 'Alta', 'mixed', 'Mixto'),
('es-empanada', 'España', 'Plato mixto', 'Empanada', '1 unidad', 120, 25, 'Alta', 'mixed', 'Mixto'),
('es-churro', 'España', 'Plato mixto', 'Churro', '1 unidad', 40, 20, 'Alta', 'mixed', 'Mixto'),
('es-flan', 'España', 'Plato mixto', 'Flan', '1 ración', 120, 30, 'Media', 'mixed', 'Mixto'),
('es-arroz-leche', 'España', 'Plato mixto', 'Arroz con leche', '1 ración', 200, 35, 'Alta', 'mixed', 'Mixto'),
('do-pan-agua', 'República Dominicana', 'Pan', 'Pan de agua', '1 unidad', 50, 30, 'Baja', 'base', 'Base'),
('do-hallulla', 'República Dominicana', 'Pan', 'Hallulla', '1 unidad', 60, 35, 'Baja', 'base', 'Base'),
('do-arepa-maiz', 'República Dominicana', 'Pan', 'Arepa de maíz', '1 unidad', 80, 30, 'Media', 'base', 'Base'),
('do-avena-do', 'República Dominicana', 'Cereales', 'Avena cocida', '1/2 taza', 120, 15, 'Baja', 'base', 'Base'),
('do-harina-maiz', 'República Dominicana', 'Cereales', 'Harina de maíz', '1/3 taza', 40, 25, 'Media', 'base', 'Base'),
('do-cereal-maiz', 'República Dominicana', 'Cereales', 'Cereal de maíz', '1 taza', 30, 25, 'Media', 'base', 'Base'),
('do-galleta-soda', 'República Dominicana', 'Cereales', 'Galleta soda', '4 unidades', 24, 16, 'Baja', 'base', 'Base'),
('do-pasta-do', 'República Dominicana', 'Cereales', 'Pasta cocida', '1/3 taza', 50, 15, 'Baja', 'base', 'Base'),
('do-habichuelas-negras', 'República Dominicana', 'Legumbres', 'Habichuelas negras', '1/2 taza', 100, 15, 'Media', 'base', 'Base'),
('do-habichuelas-blancas', 'República Dominicana', 'Legumbres', 'Habichuelas blancas', '1/2 taza', 100, 15, 'Media', 'base', 'Base'),
('do-lentejas-do', 'República Dominicana', 'Legumbres', 'Lentejas cocidas', '1/2 taza', 100, 15, 'Media', 'base', 'Base'),
('do-yuca', 'República Dominicana', 'Tubérculos', 'Yuca cocida', '1/2 taza', 80, 15, 'Baja', 'base', 'Base'),
('do-name', 'República Dominicana', 'Tubérculos', 'Ñame cocido', '1/2 taza', 80, 15, 'Media', 'base', 'Base'),
('do-aoi', 'República Dominicana', 'Tubérculos', 'Auyama', '1/2 taza', 100, 10, 'Baja', 'base', 'Base'),
('do-papas-do', 'República Dominicana', 'Tubérculos', 'Papa cocida', '1/2 taza', 75, 15, 'Baja', 'base', 'Base'),
('do-chicharron-platano', 'República Dominicana', 'Tubérculos', 'Chicharrón de plátano', '3 piezas', 50, 15, 'Media', 'base', 'Base'),
('do-yaniqueque', 'República Dominicana', 'Tubérculos', 'Yaniqueque', '1 unidad', 60, 20, 'Media', 'base', 'Base'),
('do-leche-condensada', 'República Dominicana', 'Lácteos', 'Leche condensada', '2 cucharadas', 40, 20, 'Media', 'base', 'Base'),
('do-yogur-do', 'República Dominicana', 'Lácteos', 'Yogur natural', '1 unidad', 125, 8, 'Baja', 'base', 'Base'),
('do-queso-frito', 'República Dominicana', 'Lácteos', 'Queso frito', '1 porción', 50, 2, 'Baja', 'base', 'Base'),
('do-guayaba', 'República Dominicana', 'Fruta', 'Guayaba', '1 unidad', 90, 12, 'Baja', 'base', 'Base'),
('do-papaya', 'República Dominicana', 'Fruta', 'Papaya', '1 taza', 140, 15, 'Baja', 'base', 'Base'),
('do-banana', 'República Dominicana', 'Fruta', 'Banana', '1 unidad', 90, 15, 'Baja', 'base', 'Base'),
('do-toronja', 'República Dominicana', 'Fruta', 'Toronja', '1/2 unidad', 120, 12, 'Baja', 'base', 'Base'),
('do-zapote', 'República Dominicana', 'Fruta', 'Zapote', '1/2 taza', 100, 15, 'Media', 'base', 'Base'),
('do-lechosa', 'República Dominicana', 'Fruta', 'Lechosa', '1 taza', 140, 15, 'Baja', 'base', 'Base'),
('do-coco-agua', 'República Dominicana', 'Fruta', 'Agua de coco', '1 vaso', 240, 10, 'Baja', 'base', 'Base'),
('do-aguacate', 'República Dominicana', 'Verdura', 'Aguacate', '1/2 unidad', 80, 4, 'Baja', 'base', 'Base'),
('do-berenjena', 'República Dominicana', 'Verdura', 'Berenjena guisada', '1/2 taza', 90, 8, 'Media', 'base', 'Base'),
('do-ayote', 'República Dominicana', 'Verdura', 'Ayote', '1/2 taza', 100, 8, 'Baja', 'base', 'Base'),
('do-repollo', 'República Dominicana', 'Verdura', 'Repollo', '1 taza', 90, 5, 'Baja', 'base', 'Base'),
('do-carne-res', 'República Dominicana', 'Proteína', 'Carne de res', '1 porción', 100, 0, 'Baja', 'modulator', 'Modulador'),
('do-pescado-frito', 'República Dominicana', 'Proteína', 'Pescado frito', '1 porción', 120, 5, 'Media', 'modulator', 'Modulador'),
('do-huevo-do', 'República Dominicana', 'Proteína', 'Huevo', '1 unidad', 60, 0, 'Baja', 'modulator', 'Modulador'),
('do-salami', 'República Dominicana', 'Proteína', 'Salami', '2 lonchas', 40, 1, 'Baja', 'modulator', 'Modulador'),
('do-chicharron', 'República Dominicana', 'Proteína', 'Chicharrón', '1 porción', 50, 0, 'Baja', 'modulator', 'Modulador'),
('do-sancocho', 'República Dominicana', 'Plato mixto', 'Sancocho', '1 plato', 350, 30, 'Alta', 'mixed', 'Mixto'),
('do-pastelon', 'República Dominicana', 'Plato mixto', 'Pastelón', '1 porción', 200, 25, 'Alta', 'mixed', 'Mixto'),
('do-chimi', 'República Dominicana', 'Plato mixto', 'Chimichurri', '1 unidad', 250, 35, 'Alta', 'mixed', 'Mixto'),
('do-yaroa', 'República Dominicana', 'Plato mixto', 'Yaroa', '1 porción', 250, 40, 'Alta', 'mixed', 'Mixto'),
('do-empanada-do', 'República Dominicana', 'Plato mixto', 'Empanada', '1 unidad', 120, 25, 'Alta', 'mixed', 'Mixto'),
('do-pastelito', 'República Dominicana', 'Plato mixto', 'Pastelito', '1 unidad', 80, 20, 'Alta', 'mixed', 'Mixto'),
('do-arroz-con-leche-do', 'República Dominicana', 'Plato mixto', 'Arroz con leche', '1 ración', 200, 35, 'Alta', 'mixed', 'Mixto'),
('do-habichuelas-con-dulce', 'República Dominicana', 'Plato mixto', 'Habichuelas con dulce', '1 ración', 180, 40, 'Alta', 'mixed', 'Mixto'),
('do-yaniqueques-huevos', 'República Dominicana', 'Plato mixto', 'Yaniqueques con huevos', '1 plato', 220, 25, 'Alta', 'mixed', 'Mixto'),
('do-moro-guandules', 'República Dominicana', 'Plato mixto', 'Moro de guandules', '1 plato', 250, 45, 'Alta', 'mixed', 'Mixto'),
('do-pescado-escabeche', 'República Dominicana', 'Plato mixto', 'Pescado en escabeche', '1 plato', 250, 10, 'Media', 'mixed', 'Mixto'),
('do-pollo-guisado', 'República Dominicana', 'Plato mixto', 'Pollo guisado con viandas', '1 plato', 300, 25, 'Alta', 'mixed', 'Mixto'),
('do-locrio-pollo', 'República Dominicana', 'Plato mixto', 'Locrio de pollo', '1 plato', 300, 45, 'Alta', 'mixed', 'Mixto'),
('do-spaghetti-do', 'República Dominicana', 'Plato mixto', 'Espagueti con salsa', '1 plato', 280, 40, 'Alta', 'mixed', 'Mixto'),
('do-pizza-do', 'República Dominicana', 'Plato mixto', 'Pizza', '1 porción', 150, 25, 'Alta', 'mixed', 'Mixto'),
('do-hamburguesa-do', 'República Dominicana', 'Plato mixto', 'Hamburguesa', '1 unidad', 200, 35, 'Alta', 'mixed', 'Mixto'),
('do-dulce-leche', 'República Dominicana', 'Plato mixto', 'Dulce de leche', '2 cucharadas', 40, 20, 'Media', 'mixed', 'Mixto'),
('do-maiz-cocido', 'República Dominicana', 'Cereales', 'Maíz cocido', '1/2 taza', 80, 15, 'Baja', 'base', 'Base'),
('do-cafe-con-leche', 'República Dominicana', 'Lácteos', 'Café con leche', '1 taza', 200, 10, 'Baja', 'base', 'Base'),
('do-jugo-naranja', 'República Dominicana', 'Fruta', 'Jugo de naranja natural', '1 vaso', 200, 20, 'Baja', 'base', 'Base'),
('do-coco-rallado', 'República Dominicana', 'Fruta', 'Coco rallado', '2 cucharadas', 15, 3, 'Baja', 'base', 'Base'),
('do-tostada-casabe', 'República Dominicana', 'Pan', 'Tostada de casabe', '1 unidad', 25, 12, 'Baja', 'base', 'Base'),
('do-arepita-maiz', 'República Dominicana', 'Pan', 'Arepita de maíz', '1 unidad', 50, 20, 'Baja', 'base', 'Base'),
('do-arroz-integral-do', 'República Dominicana', 'Cereales', 'Arroz integral', '1/3 taza', 50, 15, 'Media', 'base', 'Base'),
('do-frijoles-pintos', 'República Dominicana', 'Legumbres', 'Frijoles pintos', '1/2 taza', 100, 15, 'Media', 'base', 'Base'),
('do-platano-horneado', 'República Dominicana', 'Tubérculos', 'Plátano horneado', '1/2 unidad', 80, 18, 'Baja', 'base', 'Base'),
('do-calamondin', 'República Dominicana', 'Fruta', 'Limoncillo', '2 unidades', 60, 8, 'Baja', 'base', 'Base'),
('do-tamarindo', 'República Dominicana', 'Fruta', 'Tamarindo', '1/4 taza', 60, 15, 'Media', 'base', 'Base')
ON CONFLICT (id) DO UPDATE SET
  country = EXCLUDED.country,
  category = EXCLUDED.category,
  name = EXCLUDED.name,
  portion_text = EXCLUDED.portion_text,
  grams = EXCLUDED.grams,
  carbs_g = EXCLUDED.carbs_g,
  difficulty = EXCLUDED.difficulty,
  item_type = EXCLUDED.item_type,
  notes = EXCLUDED.notes,
  updated_at = now();

INSERT INTO public.lessons (id, level_id, order_index, title, summary, steps) VALUES
('l1-lesson-1', 'nivel-1', 1, '¿Qué es una ración?', 'Aprende la unidad básica del conteo de carbohidratos en España.', '[{"id":"l1-1-s1","type":"explanation","title":"La unidad de trabajo","body":"En España, una ración de carbohidratos equivale a 10 gramos de HC. No es el peso del alimento, sino los carbohidratos que aporta."},{"id":"l1-1-s2","type":"example","title":"Ejemplo: pan blanco","body":"1 rebanada de pan blanco pesa 25 g, pero aporta 10 g de carbohidratos. Eso son 1,0 ración.","foodId":"pan-blanco"},{"id":"l1-1-practice","type":"practice","title":"Practica ahora","body":"Comprueba si has entendido la unidad de ración con un ejercicio rápido.","exerciseId":"n1-ex1"}]'::jsonb),
('l1-lesson-2', 'nivel-1', 2, 'Gramos y carbohidratos', 'El peso del alimento no es lo mismo que los carbohidratos.', '[{"id":"l1-2-s1","type":"explanation","title":"Dos números distintos","body":"Siempre verás dos cifras: los gramos del alimento (cuánto pesa la porción) y los gramos de carbohidratos (cuánto HC aporta). Las raciones se calculan solo con los HC."},{"id":"l1-2-s2","type":"example","title":"Ejemplo: manzana","body":"Una manzana pequeña pesa 120 g pero aporta 15 g de HC. Eso son 1,5 raciones — no 12 raciones.","foodId":"manzana"},{"id":"l1-2-practice","type":"practice","title":"Practica ahora","body":"Calcula las raciones a partir de los gramos de carbohidratos.","exerciseId":"n1-ex2"}]'::jsonb),
('l1-lesson-3', 'nivel-1', 3, 'Alimentos básicos del día a día', 'Pan, fruta y lácteos: los primeros alimentos que debes reconocer.', '[{"id":"l1-3-s1","type":"explanation","title":"Empieza por lo sencillo","body":"Antes de platos combinados, domina alimentos base: pan, frutas y lácteos. Son los que más repetirás."},{"id":"l1-3-s2","type":"example","title":"Ejemplo: leche","body":"1 taza de leche (250 ml) aporta 12 g de HC = 1,2 raciones. El yogur natural aporta menos: 5 g = 0,5 raciones.","foodId":"leche"},{"id":"l1-3-practice","type":"practice","title":"Practica ahora","body":"Identifica alimentos básicos y sus raciones.","exerciseId":"n1-ex3"}]'::jsonb),
('l2-lesson-1', 'nivel-2', 1, 'Arroz y pasta', 'Cereales cocidos: porciones habituales y raciones.', '[{"id":"l2-1-s1","type":"explanation","title":"Porciones de cereales","body":"El arroz y la pasta se miden en tazas cuando están cocidos. Una porción típica (1/3 taza) aporta unos 15 g de HC = 1,5 raciones."},{"id":"l2-1-s2","type":"example","title":"Ejemplo: arroz cocido","body":"1/3 taza de arroz (50 g) aporta 15 g de HC. Divide entre 10: 1,5 raciones.","foodId":"arroz-cocido"},{"id":"l2-1-practice","type":"practice","title":"Practica ahora","body":"Calcula raciones de cereales cocidos.","exerciseId":"n2-ex1"}]'::jsonb),
('l2-lesson-2', 'nivel-2', 2, 'Patata y boniato', 'Tubérculos en el plato diario.', '[{"id":"l2-2-s1","type":"explanation","title":"Tubérculos","body":"Patata y boniato aportan HC en porciones de media taza. El peso del tubérculo no coincide con los gramos de carbohidratos."},{"id":"l2-2-s2","type":"example","title":"Ejemplo: patata cocida","body":"1/2 taza de patata (75 g) aporta 15 g de HC = 1,5 raciones.","foodId":"patata-cocida"},{"id":"l2-2-practice","type":"practice","title":"Practica ahora","body":"Identifica tubérculos y sus raciones.","exerciseId":"n2-ex3"}]'::jsonb),
('l3-lesson-1', 'nivel-3', 1, 'Legumbres', 'Lentejas, garbanzos y alubias en porción habitual.', '[{"id":"l3-1-s1","type":"explanation","title":"Legumbres cocidas","body":"Media taza de legumbres cocidas suele aportar unos 15 g de HC. Son alimento base, aunque a veces van en platos mixtos."},{"id":"l3-1-s2","type":"example","title":"Ejemplo: lentejas","body":"1/2 taza de lentejas (100 g) = 15 g HC = 1,5 raciones.","foodId":"lentejas-cocidas"},{"id":"l3-1-practice","type":"practice","title":"Practica ahora","body":"Cuenta raciones de legumbres.","exerciseId":"n3-ex1"}]'::jsonb),
('l3-lesson-2', 'nivel-3', 2, 'Verduras con más HC', 'No todas las verduras aportan igual.', '[{"id":"l3-2-s1","type":"explanation","title":"Verduras que cuentan","body":"Zanahoria, calabaza o cebolla aportan más HC que lechuga o pepino. Hay que conocer las que sí suman raciones."},{"id":"l3-2-s2","type":"example","title":"Ejemplo: calabaza","body":"1 taza de calabaza aporta 15 g de HC = 1,5 raciones.","foodId":"calabaza"},{"id":"l3-2-practice","type":"practice","title":"Practica ahora","body":"Distingue verduras por su aporte de HC.","exerciseId":"n3-ex3"}]'::jsonb),
('l4-lesson-1', 'nivel-4', 1, '¿Qué es un plato mixto?', 'Cuando un plato combina varios ingredientes.', '[{"id":"l4-1-s1","type":"explanation","title":"Platos compuestos","body":"Un plato mixto mezcla carbohidratos, proteínas y grasas. Los HC vienen del pan, arroz, patata u otros ingredientes base."},{"id":"l4-1-s2","type":"example","title":"Ejemplo: tortilla de patata","body":"La tortilla combina huevo (modulador) y patata (HC). Una porción puede aportar unos 20 g de HC = 2,0 raciones.","foodId":"tortilla-patata"},{"id":"l4-1-practice","type":"practice","title":"Practica ahora","body":"Calcula raciones en un plato mixto.","exerciseId":"n4-ex1"}]'::jsonb),
('l4-lesson-2', 'nivel-4', 2, 'Platos españoles habituales', 'Paella, bocadillo y pizza en la vida real.', '[{"id":"l4-2-s1","type":"explanation","title":"Comida cotidiana","body":"Paella, bocadillos y pizza son platos frecuentes. Cada uno concentra HC de forma distinta según la porción."},{"id":"l4-2-s2","type":"example","title":"Ejemplo: paella","body":"1 plato de paella (300 g) puede aportar 45 g de HC = 4,5 raciones, principalmente del arroz.","foodId":"paella"},{"id":"l4-2-practice","type":"practice","title":"Practica ahora","body":"Identifica platos mixtos españoles.","exerciseId":"n4-ex3"}]'::jsonb),
('l5-lesson-1', 'nivel-5', 1, 'Combinar en una comida', 'Suma los HC de cada alimento.', '[{"id":"l5-1-s1","type":"explanation","title":"Raciones totales","body":"En un desayuno o comida real, suma los gramos de HC de cada alimento y divide entre 10 para obtener las raciones totales."},{"id":"l5-1-s2","type":"example","title":"Ejemplo: desayuno","body":"Pan (10 g HC) + leche (12 g HC) = 22 g HC total = 2,2 raciones.","foodId":"pan-blanco"},{"id":"l5-1-practice","type":"practice","title":"Practica ahora","body":"Suma raciones de una comida combinada.","exerciseId":"n5-ex1"}]'::jsonb),
('l5-lesson-2', 'nivel-5', 2, 'Moduladores: proteína sin HC', 'Pollo, pescado y huevo no aportan raciones de HC.', '[{"id":"l5-2-s1","type":"explanation","title":"Qué son los moduladores","body":"Las proteínas (pollo, carne, pescado, huevo) tienen 0 g de HC y 0 raciones. Acompañan pero no suman carbohidratos."},{"id":"l5-2-s2","type":"example","title":"Ejemplo: pollo con arroz","body":"Arroz (15 g HC) + pollo (0 g HC) = solo 1,5 raciones de HC. El pollo es modulador.","foodId":"pollo"},{"id":"l5-2-practice","type":"practice","title":"Practica ahora","body":"Identifica qué alimentos no aportan raciones.","exerciseId":"n5-ex2"}]'::jsonb),
('l5-lesson-3', 'nivel-5', 3, 'Casos del día a día', 'Meriendas y platos completos.', '[{"id":"l5-3-s1","type":"explanation","title":"Situaciones reales","body":"Plátano con yogur, lentejas estofadas o pasta con tomate son situaciones que encontrarás a menudo. Practica con porciones reales."},{"id":"l5-3-s2","type":"example","title":"Ejemplo: lentejas estofadas","body":"1 plato completo (300 g) puede aportar 30 g de HC = 3,0 raciones.","foodId":"lentejas-estofadas"},{"id":"l5-3-practice","type":"practice","title":"Practica ahora","body":"Resuelve un caso real de comida española.","exerciseId":"n5-ex4"}]'::jsonb)
ON CONFLICT (id) DO UPDATE SET
  level_id = EXCLUDED.level_id,
  order_index = EXCLUDED.order_index,
  title = EXCLUDED.title,
  summary = EXCLUDED.summary,
  steps = EXCLUDED.steps,
  updated_at = now();

INSERT INTO public.level_exams (level_id, title, description, exercise_ids, pool_exercise_ids, questions_per_exam) VALUES
('nivel-1', 'Examen — Nivel 1', 'Demuestra lo aprendido sobre raciones, gramos y alimentos básicos. Necesitas al menos 60% para aprobar y desbloquear el modo libre. Cada intento sortea 4 preguntas del banco del nivel.', '["n1-ex1","n1-ex2","n1-ex3","n1-ex4","n1-ex5","n1-ex6","n1-ex7","n1-ex8"]'::jsonb, '["n1-ex1","n1-ex2","n1-ex3","n1-ex4","n1-ex5","n1-ex6","n1-ex7","n1-ex8"]'::jsonb, 4),
('nivel-2', 'Examen — Nivel 2', 'Cereales y tubérculos: arroz, pasta, patata y boniato. 4 preguntas sorteadas de un banco de 8.', '["n2-ex1","n2-ex2","n2-ex3","n2-ex4","n2-ex5","n2-ex6","n2-ex7","n2-ex8"]'::jsonb, '["n2-ex1","n2-ex2","n2-ex3","n2-ex4","n2-ex5","n2-ex6","n2-ex7","n2-ex8"]'::jsonb, 4),
('nivel-3', 'Examen — Nivel 3', 'Legumbres y verduras con más contenido de carbohidratos. 4 preguntas sorteadas.', '["n3-ex1","n3-ex2","n3-ex3","n3-ex4","n3-ex5","n3-ex6","n3-ex7","n3-ex8"]'::jsonb, '["n3-ex1","n3-ex2","n3-ex3","n3-ex4","n3-ex5","n3-ex6","n3-ex7","n3-ex8"]'::jsonb, 4),
('nivel-4', 'Examen — Nivel 4', 'Platos mixtos: tortilla, bocadillo, paella y pizza. 4 preguntas sorteadas.', '["n4-ex1","n4-ex2","n4-ex3","n4-ex4","n4-ex5","n4-ex6","n4-ex7","n4-ex8"]'::jsonb, '["n4-ex1","n4-ex2","n4-ex3","n4-ex4","n4-ex5","n4-ex6","n4-ex7","n4-ex8"]'::jsonb, 4),
('nivel-5', 'Examen — Nivel 5', 'Casos reales: combinar alimentos, moduladores y comidas completas. 5 preguntas sorteadas de un banco de 10.', '["n5-ex1","n5-ex2","n5-ex3","n5-ex4","n5-ex5","n5-ex6","n5-ex7","n5-ex8","n5-ex9","n5-ex10"]'::jsonb, '["n5-ex1","n5-ex2","n5-ex3","n5-ex4","n5-ex5","n5-ex6","n5-ex7","n5-ex8","n5-ex9","n5-ex10"]'::jsonb, 5)
ON CONFLICT (level_id) DO UPDATE SET
  title = EXCLUDED.title,
  description = EXCLUDED.description,
  exercise_ids = EXCLUDED.exercise_ids,
  pool_exercise_ids = EXCLUDED.pool_exercise_ids,
  questions_per_exam = EXCLUDED.questions_per_exam,
  updated_at = now();
