-- generated by scripts/generate-content-seed.mjs
INSERT INTO public.foods (id, country, category, name, portion_text, grams, carbs_g, difficulty, item_type, notes) VALUES
('pan-blanco', 'España', 'Pan', 'Pan blanco', '1 rebanada', 25, 10, 'Baja', 'base', 'Base'),
('pan-integral', 'España', 'Pan', 'Pan integral', '1 rebanada', 25, 10, 'Baja', 'base', 'Base'),
('barra-pequena', 'España', 'Pan', 'Barra pequeña / trozo', '1 trozo', 30, 15, 'Baja', 'base', 'Base'),
('arroz-cocido', 'España', 'Cereales', 'Arroz cocido', '1/3 taza', 50, 15, 'Baja', 'base', 'Base'),
('pasta-cocida', 'España', 'Cereales', 'Pasta cocida', '1/3 taza', 50, 15, 'Baja', 'base', 'Base'),
('couscous-cocido', 'España', 'Cereales', 'Cuscús cocido', '1/2 taza', 60, 15, 'Media', 'base', 'Base'),
('patata-cocida', 'España', 'Tubérculos', 'Patata cocida/asada', '1/2 taza', 75, 15, 'Baja', 'base', 'Base'),
('patata-frita', 'España', 'Tubérculos', 'Patata frita', 'ración pequeña', 50, 15, 'Media', 'base', 'Plato mixto'),
('boniato', 'España', 'Tubérculos', 'Boniato', '1/2 taza', 70, 15, 'Media', 'base', 'Base'),
('lentejas-cocidas', 'España', 'Legumbres', 'Lentejas cocidas', '1/2 taza', 100, 15, 'Media', 'base', 'Plato mixto'),
('garbanzos-cocidos', 'España', 'Legumbres', 'Garbanzos cocidos', '1/2 taza', 100, 15, 'Media', 'base', 'Plato mixto'),
('alubias-cocidas', 'España', 'Legumbres', 'Alubias cocidas', '1/2 taza', 100, 15, 'Media', 'base', 'Plato mixto'),
('leche', 'España', 'Lácteos', 'Leche', '1 taza / 250 ml', 250, 12, 'Baja', 'base', 'Base'),
('yogur-natural', 'España', 'Lácteos', 'Yogur natural', '1 unidad', 125, 5, 'Baja', 'base', 'Base'),
('yogur-azucarado', 'España', 'Lácteos', 'Yogur azucarado', '1 unidad', 125, 10, 'Media', 'base', 'Base'),
('manzana', 'España', 'Fruta', 'Manzana pequeña', '1 unidad', 120, 15, 'Baja', 'base', 'Base'),
('naranja', 'España', 'Fruta', 'Naranja pequeña', '1 unidad', 130, 15, 'Baja', 'base', 'Base'),
('pera', 'España', 'Fruta', 'Pera pequeña', '1 unidad', 120, 15, 'Baja', 'base', 'Base'),
('platano', 'España', 'Fruta', 'Plátano pequeño', '1 unidad', 90, 15, 'Baja', 'base', 'Base'),
('uvas', 'España', 'Fruta', 'Uvas', '15-17 uvas', 100, 15, 'Media', 'base', 'Base'),
('sandia', 'España', 'Fruta', 'Sandía', '1 taza', 150, 15, 'Media', 'base', 'Base'),
('melon', 'España', 'Fruta', 'Melón', '1 taza', 150, 15, 'Media', 'base', 'Base'),
('fresas', 'España', 'Fruta', 'Fresas', '1 taza', 150, 10, 'Media', 'base', 'Base'),
('zanahoria', 'España', 'Verdura', 'Zanahoria cocida', '1/2 taza', 80, 10, 'Media', 'base', 'Base'),
('cebolla', 'España', 'Verdura', 'Cebolla', '1/2 taza', 80, 10, 'Media', 'base', 'Base'),
('calabaza', 'España', 'Verdura', 'Calabaza', '1 taza', 200, 15, 'Media', 'base', 'Base'),
('tomate', 'España', 'Verdura', 'Tomate', 'ración grande', 300, 10, 'Baja', 'base', 'Base'),
('pollo', 'España', 'Proteína', 'Pollo', '1 porción', 100, 0, 'Baja', 'modulator', 'Modulador'),
('carne', 'España', 'Proteína', 'Carne', '1 porción', 100, 0, 'Baja', 'modulator', 'Modulador'),
('pescado', 'España', 'Proteína', 'Pescado', '1 porción', 100, 0, 'Baja', 'modulator', 'Modulador'),
('huevo', 'España', 'Proteína', 'Huevo', '1 unidad', 60, 0, 'Baja', 'modulator', 'Modulador'),
('tortilla-patata', 'España', 'Plato mixto', 'Tortilla de patata', '1 porción', 180, 20, 'Alta', 'mixed', 'Mixto'),
('bocadillo', 'España', 'Plato mixto', 'Bocadillo', '1 unidad', 150, 30, 'Alta', 'mixed', 'Mixto'),
('paella', 'España', 'Plato mixto', 'Paella', '1 plato', 300, 45, 'Alta', 'mixed', 'Mixto'),
('lentejas-estofadas', 'España', 'Plato mixto', 'Lentejas estofadas', '1 plato', 300, 30, 'Alta', 'mixed', 'Mixto'),
('pasta-tomate', 'España', 'Plato mixto', 'Pasta con tomate', '1 plato', 300, 40, 'Alta', 'mixed', 'Mixto'),
('pizza', 'España', 'Plato mixto', 'Pizza', '1 porción', 150, 25, 'Alta', 'mixed', 'Mixto'),
('casabe', 'República Dominicana', 'Pan', 'Casabe', '1 pieza mediana', 30, 15, 'Baja', 'base', 'Base'),
('pan-sobao', 'República Dominicana', 'Pan', 'Pan sobao', '1 rollito', 40, 30, 'Baja', 'base', 'Base'),
('arroz-blanco-do', 'República Dominicana', 'Cereales', 'Arroz blanco', '1/3 taza', 50, 15, 'Baja', 'base', 'Base'),
('habichuelas-rojas', 'República Dominicana', 'Legumbres', 'Habichuelas rojas', '1/2 taza', 100, 15, 'Media', 'base', 'Base'),
('guandules', 'República Dominicana', 'Legumbres', 'Guandules', '1/2 taza', 100, 15, 'Media', 'base', 'Base'),
('mangu', 'República Dominicana', 'Tubérculos', 'Mangú', '1/2 taza', 100, 30, 'Media', 'base', 'Base'),
('guineo-verde', 'República Dominicana', 'Tubérculos', 'Guineo verde', '1/2 unidad', 60, 15, 'Baja', 'base', 'Base'),
('yautia', 'República Dominicana', 'Tubérculos', 'Yautía', '1/2 taza', 70, 15, 'Media', 'base', 'Base'),
('batata-do', 'República Dominicana', 'Tubérculos', 'Batata', '1/2 taza', 75, 15, 'Baja', 'base', 'Base'),
('tostones', 'República Dominicana', 'Tubérculos', 'Tostones', '3 unidades', 50, 15, 'Media', 'base', 'Base'),
('platano-maduro', 'República Dominicana', 'Fruta', 'Plátano maduro', '1/2 unidad', 70, 15, 'Baja', 'base', 'Base'),
('mango', 'República Dominicana', 'Fruta', 'Mango', '1/2 taza', 80, 15, 'Baja', 'base', 'Base'),
('chinola', 'República Dominicana', 'Fruta', 'Chinola (maracuyá)', '1/2 taza', 60, 15, 'Media', 'base', 'Base'),
('leche-do', 'República Dominicana', 'Lácteos', 'Leche', '1 taza', 240, 12, 'Baja', 'base', 'Base'),
('pollo-do', 'República Dominicana', 'Proteína', 'Pollo', '1 porción', 100, 0, 'Baja', 'modulator', 'Modulador'),
('moro-habichuelas', 'República Dominicana', 'Plato mixto', 'Moro de habichuelas', '1 plato', 250, 45, 'Alta', 'mixed', 'Mixto'),
('la-bandera', 'República Dominicana', 'Plato mixto', 'La bandera (arroz, habichuelas, carne)', '1 plato', 350, 45, 'Alta', 'mixed', 'Mixto'),
('es-chapata', 'España', 'Pan', 'Chapata', '1 rebanada', 35, 15, 'Baja', 'base', 'Base'),
('es-molde-integral', 'España', 'Pan', 'Pan de molde integral', '1 rebanada', 25, 10, 'Baja', 'base', 'Base'),
('es-croissant', 'España', 'Pan', 'Croissant', '1 unidad', 60, 30, 'Media', 'base', 'Base'),
('es-avena-cocida', 'España', 'Cereales', 'Avena cocida', '1/2 taza', 120, 15, 'Baja', 'base', 'Base'),
('es-muesli', 'España', 'Cereales', 'Muesli', '1/2 taza', 40, 25, 'Media', 'base', 'Base'),
('es-quinoa', 'España', 'Cereales', 'Quinoa cocida', '1/3 taza', 50, 15, 'Media', 'base', 'Base'),
('es-maiz-tortilla', 'España', 'Cereales', 'Tortilla de maíz', '1 unidad', 30, 15, 'Baja', 'base', 'Base'),
('es-galleta-maria', 'España', 'Cereales', 'Galleta María', '3 unidades', 18, 12, 'Baja', 'base', 'Base'),
('es-galleta-integral', 'España', 'Cereales', 'Galleta integral', '2 unidades', 20, 12, 'Baja', 'base', 'Base'),
('es-pan-rallado', 'España', 'Cereales', 'Pan rallado', '2 cucharadas', 15, 10, 'Media', 'base', 'Base'),
('es-pure-patata', 'España', 'Tubérculos', 'Puré de patata', '1/2 taza', 100, 15, 'Baja', 'base', 'Base'),
('es-nachos', 'España', 'Tubérculos', 'Nachos / patatas fritas bolsa', '1 ración', 30, 15, 'Media', 'base', 'Base'),
('es-judias-verdes', 'España', 'Legumbres', 'Judías verdes cocidas', '1 taza', 80, 10, 'Baja', 'base', 'Base'),
('es-soja-cocida', 'España', 'Legumbres', 'Soja cocida', '1/2 taza', 90, 10, 'Media', 'base', 'Base'),
('es-queso-fresco', 'España', 'Lácteos', 'Queso fresco', '1 porción', 60, 3, 'Baja', 'base', 'Base'),
('es-leche-desnatada', 'España', 'Lácteos', 'Leche desnatada', '1 taza', 250, 12, 'Baja', 'base', 'Base'),
('es-leche-avena', 'España', 'Lácteos', 'Bebida de avena', '1 taza', 200, 16, 'Media', 'base', 'Base'),
('es-helado', 'España', 'Lácteos', 'Helado', '1 bola', 50, 15, 'Media', 'base', 'Base'),
('es-mandarina', 'España', 'Fruta', 'Mandarina', '1 unidad', 100, 12, 'Baja', 'base', 'Base'),
('es-kiwi', 'España', 'Fruta', 'Kiwi', '1 unidad', 75, 10, 'Baja', 'base', 'Base'),
('es-pina', 'España', 'Fruta', 'Piña', '1 taza', 140, 15, 'Baja', 'base', 'Base'),
('es-ciruela', 'España', 'Fruta', 'Ciruela', '2 unidades', 120, 15, 'Baja', 'base', 'Base'),
('es-cerezas', 'España', 'Fruta', 'Cerezas', '1 taza', 120, 15, 'Media', 'base', 'Base'),
('es-arandanos', 'España', 'Fruta', 'Arándanos', '1 taza', 140, 15, 'Media', 'base', 'Base'),
('es-lechuga', 'España', 'Verdura', 'Lechuga', '2 tazas', 100, 5, 'Baja', 'base', 'Base'),
('es-pepino', 'España', 'Verdura', 'Pepino', '1 taza', 120, 5, 'Baja', 'base', 'Base'),
('es-pimiento', 'España', 'Verdura', 'Pimiento', '1/2 taza', 75, 5, 'Baja', 'base', 'Base'),
('es-brocoli', 'España', 'Verdura', 'Brócoli cocido', '1 taza', 90, 10, 'Baja', 'base', 'Base'),
('es-espinacas', 'España', 'Verdura', 'Espinacas cocidas', '1/2 taza', 90, 5, 'Baja', 'base', 'Base'),
('es-champinones', 'España', 'Verdura', 'Champiñones', '1 taza', 70, 5, 'Baja', 'base', 'Base'),
('es-atun', 'España', 'Proteína', 'Atún', '1 lata pequeña', 80, 0, 'Baja', 'modulator', 'Modulador'),
('es-jamon', 'España', 'Proteína', 'Jamón serrano', '2 lonchas', 30, 0, 'Baja', 'modulator', 'Modulador'),
('es-queso-curado', 'España', 'Proteína', 'Queso curado', '1 porción', 30, 0, 'Baja', 'modulator', 'Modulador'),
('es-tortilla-francesa', 'España', 'Plato mixto', 'Tortilla francesa', '1 porción', 120, 5, 'Media', 'mixed', 'Mixto'),
('es-ensalada-pasta', 'España', 'Plato mixto', 'Ensalada de pasta', '1 plato', 250, 35, 'Alta', 'mixed', 'Mixto'),
('es-sandwich-mixto', 'España', 'Plato mixto', 'Sandwich mixto', '1 unidad', 150, 30, 'Alta', 'mixed', 'Mixto'),
('es-crema-verduras', 'España', 'Plato mixto', 'Crema de verduras', '1 bol', 300, 20, 'Media', 'mixed', 'Mixto'),
('es-lentejas-sopa', 'España', 'Plato mixto', 'Sopa de lentejas', '1 bol', 300, 25, 'Alta', 'mixed', 'Mixto'),
('es-croqueta', 'España', 'Plato mixto', 'Croqueta', '2 unidades', 60, 15, 'Alta', 'mixed', 'Mixto'),
('es-empanada', 'España', 'Plato mixto', 'Empanada', '1 unidad', 120, 25, 'Alta', 'mixed', 'Mixto'),
('es-churro', 'España', 'Plato mixto', 'Churro', '1 unidad', 40, 20, 'Alta', 'mixed', 'Mixto'),
('es-flan', 'España', 'Plato mixto', 'Flan', '1 ración', 120, 30, 'Media', 'mixed', 'Mixto'),
('es-arroz-leche', 'España', 'Plato mixto', 'Arroz con leche', '1 ración', 200, 35, 'Alta', 'mixed', 'Mixto'),
('do-pan-agua', 'República Dominicana', 'Pan', 'Pan de agua', '1 unidad', 50, 30, 'Baja', 'base', 'Base'),
('do-hallulla', 'República Dominicana', 'Pan', 'Hallulla', '1 unidad', 60, 35, 'Baja', 'base', 'Base'),
('do-arepa-maiz', 'República Dominicana', 'Pan', 'Arepa de maíz', '1 unidad', 80, 30, 'Media', 'base', 'Base'),
('do-avena-do', 'República Dominicana', 'Cereales', 'Avena cocida', '1/2 taza', 120, 15, 'Baja', 'base', 'Base'),
('do-harina-maiz', 'República Dominicana', 'Cereales', 'Harina de maíz', '1/3 taza', 40, 25, 'Media', 'base', 'Base'),
('do-cereal-maiz', 'República Dominicana', 'Cereales', 'Cereal de maíz', '1 taza', 30, 25, 'Media', 'base', 'Base'),
('do-galleta-soda', 'República Dominicana', 'Cereales', 'Galleta soda', '4 unidades', 24, 16, 'Baja', 'base', 'Base'),
('do-pasta-do', 'República Dominicana', 'Cereales', 'Pasta cocida', '1/3 taza', 50, 15, 'Baja', 'base', 'Base'),
('do-habichuelas-negras', 'República Dominicana', 'Legumbres', 'Habichuelas negras', '1/2 taza', 100, 15, 'Media', 'base', 'Base'),
('do-habichuelas-blancas', 'República Dominicana', 'Legumbres', 'Habichuelas blancas', '1/2 taza', 100, 15, 'Media', 'base', 'Base'),
('do-lentejas-do', 'República Dominicana', 'Legumbres', 'Lentejas cocidas', '1/2 taza', 100, 15, 'Media', 'base', 'Base'),
('do-yuca', 'República Dominicana', 'Tubérculos', 'Yuca cocida', '1/2 taza', 80, 15, 'Baja', 'base', 'Base'),
('do-name', 'República Dominicana', 'Tubérculos', 'Ñame cocido', '1/2 taza', 80, 15, 'Media', 'base', 'Base'),
('do-aoi', 'República Dominicana', 'Tubérculos', 'Auyama', '1/2 taza', 100, 10, 'Baja', 'base', 'Base'),
('do-papas-do', 'República Dominicana', 'Tubérculos', 'Papa cocida', '1/2 taza', 75, 15, 'Baja', 'base', 'Base'),
('do-chicharron-platano', 'República Dominicana', 'Tubérculos', 'Chicharrón de plátano', '3 piezas', 50, 15, 'Media', 'base', 'Base'),
('do-yaniqueque', 'República Dominicana', 'Tubérculos', 'Yaniqueque', '1 unidad', 60, 20, 'Media', 'base', 'Base'),
('do-leche-condensada', 'República Dominicana', 'Lácteos', 'Leche condensada', '2 cucharadas', 40, 20, 'Media', 'base', 'Base'),
('do-yogur-do', 'República Dominicana', 'Lácteos', 'Yogur natural', '1 unidad', 125, 8, 'Baja', 'base', 'Base'),
('do-queso-frito', 'República Dominicana', 'Lácteos', 'Queso frito', '1 porción', 50, 2, 'Baja', 'base', 'Base'),
('do-guayaba', 'República Dominicana', 'Fruta', 'Guayaba', '1 unidad', 90, 12, 'Baja', 'base', 'Base'),
('do-papaya', 'República Dominicana', 'Fruta', 'Papaya', '1 taza', 140, 15, 'Baja', 'base', 'Base'),
('do-banana', 'República Dominicana', 'Fruta', 'Banana', '1 unidad', 90, 15, 'Baja', 'base', 'Base'),
('do-toronja', 'República Dominicana', 'Fruta', 'Toronja', '1/2 unidad', 120, 12, 'Baja', 'base', 'Base'),
('do-zapote', 'República Dominicana', 'Fruta', 'Zapote', '1/2 taza', 100, 15, 'Media', 'base', 'Base'),
('do-lechosa', 'República Dominicana', 'Fruta', 'Lechosa', '1 taza', 140, 15, 'Baja', 'base', 'Base'),
('do-coco-agua', 'República Dominicana', 'Fruta', 'Agua de coco', '1 vaso', 240, 10, 'Baja', 'base', 'Base'),
('do-aguacate', 'República Dominicana', 'Verdura', 'Aguacate', '1/2 unidad', 80, 4, 'Baja', 'base', 'Base'),
('do-berenjena', 'República Dominicana', 'Verdura', 'Berenjena guisada', '1/2 taza', 90, 8, 'Media', 'base', 'Base'),
('do-ayote', 'República Dominicana', 'Verdura', 'Ayote', '1/2 taza', 100, 8, 'Baja', 'base', 'Base'),
('do-repollo', 'República Dominicana', 'Verdura', 'Repollo', '1 taza', 90, 5, 'Baja', 'base', 'Base'),
('do-carne-res', 'República Dominicana', 'Proteína', 'Carne de res', '1 porción', 100, 0, 'Baja', 'modulator', 'Modulador'),
('do-pescado-frito', 'República Dominicana', 'Proteína', 'Pescado frito', '1 porción', 120, 5, 'Media', 'modulator', 'Modulador'),
('do-huevo-do', 'República Dominicana', 'Proteína', 'Huevo', '1 unidad', 60, 0, 'Baja', 'modulator', 'Modulador'),
('do-salami', 'República Dominicana', 'Proteína', 'Salami', '2 lonchas', 40, 1, 'Baja', 'modulator', 'Modulador'),
('do-chicharron', 'República Dominicana', 'Proteína', 'Chicharrón', '1 porción', 50, 0, 'Baja', 'modulator', 'Modulador'),
('do-sancocho', 'República Dominicana', 'Plato mixto', 'Sancocho', '1 plato', 350, 30, 'Alta', 'mixed', 'Mixto'),
('do-pastelon', 'República Dominicana', 'Plato mixto', 'Pastelón', '1 porción', 200, 25, 'Alta', 'mixed', 'Mixto'),
('do-chimi', 'República Dominicana', 'Plato mixto', 'Chimichurri', '1 unidad', 250, 35, 'Alta', 'mixed', 'Mixto'),
('do-yaroa', 'República Dominicana', 'Plato mixto', 'Yaroa', '1 porción', 250, 40, 'Alta', 'mixed', 'Mixto'),
('do-empanada-do', 'República Dominicana', 'Plato mixto', 'Empanada', '1 unidad', 120, 25, 'Alta', 'mixed', 'Mixto'),
('do-pastelito', 'República Dominicana', 'Plato mixto', 'Pastelito', '1 unidad', 80, 20, 'Alta', 'mixed', 'Mixto'),
('do-arroz-con-leche-do', 'República Dominicana', 'Plato mixto', 'Arroz con leche', '1 ración', 200, 35, 'Alta', 'mixed', 'Mixto'),
('do-habichuelas-con-dulce', 'República Dominicana', 'Plato mixto', 'Habichuelas con dulce', '1 ración', 180, 40, 'Alta', 'mixed', 'Mixto'),
('do-yaniqueques-huevos', 'República Dominicana', 'Plato mixto', 'Yaniqueques con huevos', '1 plato', 220, 25, 'Alta', 'mixed', 'Mixto'),
('do-moro-guandules', 'República Dominicana', 'Plato mixto', 'Moro de guandules', '1 plato', 250, 45, 'Alta', 'mixed', 'Mixto'),
('do-pescado-escabeche', 'República Dominicana', 'Plato mixto', 'Pescado en escabeche', '1 plato', 250, 10, 'Media', 'mixed', 'Mixto'),
('do-pollo-guisado', 'República Dominicana', 'Plato mixto', 'Pollo guisado con yuca y plátano', '1 plato', 300, 25, 'Alta', 'mixed', 'Mixto'),
('do-locrio-pollo', 'República Dominicana', 'Plato mixto', 'Locrio de pollo', '1 plato', 300, 45, 'Alta', 'mixed', 'Mixto'),
('do-spaghetti-do', 'República Dominicana', 'Plato mixto', 'Espagueti con salsa', '1 plato', 280, 40, 'Alta', 'mixed', 'Mixto'),
('do-pizza-do', 'República Dominicana', 'Plato mixto', 'Pizza', '1 porción', 150, 25, 'Alta', 'mixed', 'Mixto'),
('do-hamburguesa-do', 'República Dominicana', 'Plato mixto', 'Hamburguesa', '1 unidad', 200, 35, 'Alta', 'mixed', 'Mixto'),
('do-dulce-leche', 'República Dominicana', 'Plato mixto', 'Dulce de leche', '2 cucharadas', 40, 20, 'Media', 'mixed', 'Mixto'),
('do-maiz-cocido', 'República Dominicana', 'Cereales', 'Maíz cocido', '1/2 taza', 80, 15, 'Baja', 'base', 'Base'),
('do-cafe-con-leche', 'República Dominicana', 'Lácteos', 'Café con leche', '1 taza', 200, 10, 'Baja', 'base', 'Base'),
('do-jugo-naranja', 'República Dominicana', 'Fruta', 'Jugo de naranja natural', '1 vaso', 200, 20, 'Baja', 'base', 'Base'),
('do-coco-rallado', 'República Dominicana', 'Fruta', 'Coco rallado', '2 cucharadas', 15, 3, 'Baja', 'base', 'Base'),
('do-tostada-casabe', 'República Dominicana', 'Pan', 'Tostada de casabe', '1 unidad', 25, 12, 'Baja', 'base', 'Base'),
('do-arepita-maiz', 'República Dominicana', 'Pan', 'Arepita de maíz', '1 unidad', 50, 20, 'Baja', 'base', 'Base'),
('do-arroz-integral-do', 'República Dominicana', 'Cereales', 'Arroz integral', '1/3 taza', 50, 15, 'Media', 'base', 'Base'),
('do-frijoles-pintos', 'República Dominicana', 'Legumbres', 'Frijoles pintos', '1/2 taza', 100, 15, 'Media', 'base', 'Base'),
('do-platano-horneado', 'República Dominicana', 'Tubérculos', 'Plátano horneado', '1/2 unidad', 80, 18, 'Baja', 'base', 'Base'),
('do-calamondin', 'República Dominicana', 'Fruta', 'Limoncillo', '2 unidades', 60, 8, 'Baja', 'base', 'Base'),
('do-tamarindo', 'República Dominicana', 'Fruta', 'Tamarindo', '1/4 taza', 60, 15, 'Media', 'base', 'Base'),
('es-barrita-cereal', 'España', 'Cereales', 'Barrita de cereales', '1 unidad', 25, 18, 'Media', 'base', 'Base'),
('es-tortitas-arroz', 'España', 'Cereales', 'Tortitas de arroz', '2 unidades', 18, 14, 'Baja', 'base', 'Base'),
('es-pan-pita', 'España', 'Pan', 'Pan de pita', '1/2 unidad', 30, 15, 'Baja', 'base', 'Base'),
('es-pan-cristal', 'España', 'Pan', 'Pan de cristal', '1 hoja', 8, 6, 'Baja', 'base', 'Base'),
('es-focaccia', 'España', 'Pan', 'Focaccia', '1 rebanada', 50, 25, 'Media', 'base', 'Base'),
('es-brioche', 'España', 'Pan', 'Brioche', '1 rebanada', 40, 20, 'Media', 'base', 'Base'),
('es-pan-integral', 'España', 'Pan', 'Pan integral', '1 rebanada', 30, 12, 'Baja', 'base', 'Base'),
('es-regañas', 'España', 'Pan', 'Regañás', '4 unidades', 20, 14, 'Baja', 'base', 'Base'),
('es-pan-tostado', 'España', 'Pan', 'Pan tostado', '1 rebanada', 25, 12, 'Baja', 'base', 'Base'),
('es-bizcocho', 'España', 'Cereales', 'Bizcocho casero', '1 porción', 60, 25, 'Media', 'base', 'Base'),
('es-magdalena', 'España', 'Cereales', 'Magdalena', '1 unidad', 50, 22, 'Media', 'base', 'Base'),
('es-donut', 'España', 'Cereales', 'Donut', '1 unidad', 55, 28, 'Alta', 'base', 'Base'),
('es-waffle', 'España', 'Cereales', 'Gofre', '1 unidad', 70, 30, 'Alta', 'base', 'Base'),
('es-panecillo', 'España', 'Pan', 'Panecillo', '1 unidad', 50, 28, 'Media', 'base', 'Base'),
('es-cuscus', 'España', 'Cereales', 'Cuscús cocido', '1/3 taza', 50, 18, 'Media', 'base', 'Base'),
('es-trigo-sarraceno', 'España', 'Cereales', 'Trigo sarraceno cocido', '1/3 taza', 50, 15, 'Media', 'base', 'Base'),
('es-semola', 'España', 'Cereales', 'Sémola cocida', '1/3 taza', 50, 20, 'Media', 'base', 'Base'),
('es-patata-asada', 'España', 'Tubérculos', 'Patata asada', '1 mediana', 150, 30, 'Baja', 'base', 'Base'),
('es-patata-micro', 'España', 'Tubérculos', 'Patata al microondas', '1 mediana', 140, 28, 'Baja', 'base', 'Base'),
('es-boniato', 'España', 'Tubérculos', 'Boniato cocido', '1/2 taza', 100, 20, 'Media', 'base', 'Base'),
('es-calabaza', 'España', 'Tubérculos', 'Calabaza cocida', '1/2 taza', 100, 10, 'Baja', 'base', 'Base'),
('es-remolacha', 'España', 'Tubérculos', 'Remolacha cocida', '1/2 taza', 80, 12, 'Baja', 'base', 'Base'),
('es-garbanzos-cocidos', 'España', 'Legumbres', 'Garbanzos cocidos', '1/2 taza', 90, 18, 'Media', 'base', 'Base'),
('es-alubias', 'España', 'Legumbres', 'Alubias blancas', '1/2 taza', 100, 15, 'Media', 'base', 'Base'),
('es-edamame', 'España', 'Legumbres', 'Edamame', '1/2 taza', 80, 8, 'Baja', 'base', 'Base'),
('es-hummus', 'España', 'Legumbres', 'Hummus', '3 cucharadas', 45, 8, 'Baja', 'base', 'Base'),
('es-leche-entera', 'España', 'Lácteos', 'Leche entera', '1 taza', 250, 12, 'Baja', 'base', 'Base'),
('es-leche-semidesnatada', 'España', 'Lácteos', 'Leche semidesnatada', '1 taza', 250, 12, 'Baja', 'base', 'Base'),
('es-leche-soja', 'España', 'Lácteos', 'Bebida de soja', '1 taza', 200, 8, 'Baja', 'base', 'Base'),
('es-queso-cottage', 'España', 'Lácteos', 'Queso cottage', '1/2 taza', 100, 5, 'Baja', 'base', 'Base'),
('es-queso-mozzarella', 'España', 'Lácteos', 'Mozzarella', '1 porción', 30, 1, 'Baja', 'base', 'Base'),
('es-queso-azul', 'España', 'Lácteos', 'Queso azul', '1 porción', 30, 0, 'Baja', 'modulator', 'Modulador'),
('es-mantequilla', 'España', 'Lácteos', 'Mantequilla', '1 cucharada', 14, 0, 'Baja', 'modulator', 'Modulador'),
('es-nata', 'España', 'Lácteos', 'Nata líquida', '2 cucharadas', 30, 1, 'Baja', 'modulator', 'Modulador'),
('es-melocoton', 'España', 'Fruta', 'Melocotón', '1 unidad', 150, 15, 'Baja', 'base', 'Base'),
('es-albaricoque', 'España', 'Fruta', 'Albaricoque', '3 unidades', 105, 15, 'Baja', 'base', 'Base'),
('es-higo', 'España', 'Fruta', 'Higo', '2 unidades', 100, 15, 'Media', 'base', 'Base'),
('es-granada', 'España', 'Fruta', 'Granada', '1/2 taza', 90, 15, 'Media', 'base', 'Base'),
('es-frambuesa', 'España', 'Fruta', 'Frambuesas', '1 taza', 120, 15, 'Baja', 'base', 'Base'),
('es-mora', 'España', 'Fruta', 'Moras', '1 taza', 140, 15, 'Baja', 'base', 'Base'),
('es-datil', 'España', 'Fruta', 'Dátil', '2 unidades', 40, 25, 'Media', 'base', 'Base'),
('es-pasas', 'España', 'Fruta', 'Pasas', '2 cucharadas', 30, 20, 'Media', 'base', 'Base'),
('es-compota-manzana', 'España', 'Fruta', 'Compota de manzana', '1/2 taza', 120, 20, 'Media', 'base', 'Base'),
('es-zanahoria', 'España', 'Verdura', 'Zanahoria cruda', '1 taza', 120, 10, 'Baja', 'base', 'Base'),
('es-cebolla', 'España', 'Verdura', 'Cebolla', '1/2 taza', 80, 8, 'Baja', 'base', 'Base'),
('es-tomate', 'España', 'Verdura', 'Tomate', '1 taza', 180, 8, 'Baja', 'base', 'Base'),
('es-calabacin', 'España', 'Verdura', 'Calabacín', '1 taza', 120, 5, 'Baja', 'base', 'Base'),
('es-berenjena-es', 'España', 'Verdura', 'Berenjena', '1/2 taza', 80, 8, 'Baja', 'base', 'Base'),
('es-coliflor', 'España', 'Verdura', 'Coliflor cocida', '1 taza', 100, 5, 'Baja', 'base', 'Base'),
('es-apio', 'España', 'Verdura', 'Apio', '1 taza', 120, 5, 'Baja', 'base', 'Base'),
('es-pollo-pechuga', 'España', 'Proteína', 'Pechuga de pollo', '1 porción', 100, 0, 'Baja', 'modulator', 'Modulador'),
('es-salmon', 'España', 'Proteína', 'Salmón', '1 porción', 100, 0, 'Baja', 'modulator', 'Modulador'),
('es-merluza', 'España', 'Proteína', 'Merluza', '1 porción', 100, 0, 'Baja', 'modulator', 'Modulador'),
('es-pavo', 'España', 'Proteína', 'Pavo', '1 porción', 100, 0, 'Baja', 'modulator', 'Modulador'),
('es-tofu', 'España', 'Proteína', 'Tofu', '1/2 taza', 120, 3, 'Baja', 'modulator', 'Modulador'),
('es-gazpacho', 'España', 'Plato mixto', 'Gazpacho', '1 bol', 300, 15, 'Baja', 'mixed', 'Mixto'),
('es-paella', 'España', 'Plato mixto', 'Paella', '1 plato', 300, 45, 'Alta', 'mixed', 'Mixto'),
('es-tortilla-patatas', 'España', 'Plato mixto', 'Tortilla de patatas', '1 porción', 150, 20, 'Media', 'mixed', 'Mixto'),
('es-lentejas-estofado', 'España', 'Plato mixto', 'Lentejas estofadas', '1 plato', 300, 30, 'Alta', 'mixed', 'Mixto'),
('es-fabada', 'España', 'Plato mixto', 'Fabada', '1 plato', 300, 35, 'Alta', 'mixed', 'Mixto'),
('es-cocido', 'España', 'Plato mixto', 'Cocido madrileño', '1 plato', 350, 30, 'Alta', 'mixed', 'Mixto'),
('es-pulpo-gallega', 'España', 'Plato mixto', 'Pulpo a la gallega', '1 plato', 200, 10, 'Media', 'mixed', 'Mixto'),
('es-pizza-es', 'España', 'Plato mixto', 'Pizza margarita', '1 porción', 150, 30, 'Alta', 'mixed', 'Mixto'),
('es-lasana', 'España', 'Plato mixto', 'Lasaña', '1 porción', 250, 35, 'Alta', 'mixed', 'Mixto'),
('es-risotto', 'España', 'Plato mixto', 'Risotto', '1 plato', 250, 45, 'Alta', 'mixed', 'Mixto'),
('es-tarta-queso', 'España', 'Plato mixto', 'Tarta de queso', '1 porción', 100, 25, 'Media', 'mixed', 'Mixto'),
('es-brownie', 'España', 'Plato mixto', 'Brownie', '1 porción', 60, 30, 'Alta', 'mixed', 'Mixto'),
('es-chocolate', 'España', 'Plato mixto', 'Chocolate negro', '2 cuadrados', 20, 12, 'Media', 'mixed', 'Mixto'),
('es-mermelada', 'España', 'Plato mixto', 'Mermelada', '1 cucharada', 20, 12, 'Media', 'mixed', 'Mixto'),
('es-miel', 'España', 'Plato mixto', 'Miel', '1 cucharada', 21, 17, 'Media', 'mixed', 'Mixto'),
('es-cafe-solo', 'España', 'Lácteos', 'Café solo', '1 taza', 200, 0, 'Baja', 'modulator', 'Modulador'),
('es-te', 'España', 'Lácteos', 'Té', '1 taza', 200, 0, 'Baja', 'modulator', 'Modulador'),
('es-zumo-naranja', 'España', 'Fruta', 'Zumo de naranja', '1 vaso', 200, 22, 'Baja', 'base', 'Base'),
('es-agua', 'España', 'Lácteos', 'Agua', '1 vaso', 250, 0, 'Baja', 'modulator', 'Modulador'),
('do-mangú', 'República Dominicana', 'Tubérculos', 'Mangú', '1 plato', 200, 35, 'Media', 'mixed', 'Mixto'),
('do-tostones', 'República Dominicana', 'Tubérculos', 'Tostones', '3 unidades', 60, 18, 'Media', 'base', 'Base'),
('do-mofongo', 'República Dominicana', 'Tubérculos', 'Mofongo', '1 porción', 150, 30, 'Alta', 'mixed', 'Mixto'),
('do-yautia', 'República Dominicana', 'Tubérculos', 'Yautía cocida', '1/2 taza', 80, 15, 'Media', 'base', 'Base'),
('do-malanga', 'República Dominicana', 'Tubérculos', 'Malanga cocida', '1/2 taza', 80, 15, 'Media', 'base', 'Base'),
('do-queso-hoja', 'República Dominicana', 'Lácteos', 'Queso de hoja', '1 porción', 40, 2, 'Baja', 'base', 'Base'),
('do-dulce-coco', 'República Dominicana', 'Plato mixto', 'Dulce de coco', '1 porción', 80, 25, 'Media', 'mixed', 'Mixto'),
('do-concon', 'República Dominicana', 'Cereales', 'Concón', '1/2 taza', 50, 25, 'Media', 'base', 'Base'),
('do-moro-habichuelas', 'República Dominicana', 'Plato mixto', 'Moro de habichuelas', '1 plato', 250, 45, 'Alta', 'mixed', 'Mixto'),
('do-arroz-gandules', 'República Dominicana', 'Plato mixto', 'Arroz con gandules', '1 plato', 250, 45, 'Alta', 'mixed', 'Mixto'),
('do-pollo-horno', 'República Dominicana', 'Plato mixto', 'Pollo al horno con yuca y plátano', '1 plato', 300, 25, 'Alta', 'mixed', 'Mixto'),
('do-chivo-guisado', 'República Dominicana', 'Plato mixto', 'Chivo guisado', '1 plato', 250, 10, 'Media', 'mixed', 'Mixto'),
('do-picapollo', 'República Dominicana', 'Plato mixto', 'Pica pollo', '1 porción', 150, 20, 'Alta', 'mixed', 'Mixto'),
('do-yaniqueque-huevo', 'República Dominicana', 'Plato mixto', 'Yaniqueque con huevo', '1 plato', 200, 25, 'Alta', 'mixed', 'Mixto'),
('do-sandwich-pollo', 'República Dominicana', 'Plato mixto', 'Sandwich de pollo', '1 unidad', 200, 35, 'Alta', 'mixed', 'Mixto'),
('do-hotdog-do', 'República Dominicana', 'Plato mixto', 'Hot dog', '1 unidad', 150, 25, 'Alta', 'mixed', 'Mixto'),
('do-pan-bao', 'República Dominicana', 'Pan', 'Pan bao', '1 unidad', 60, 30, 'Media', 'base', 'Base'),
('do-pan-sobao', 'República Dominicana', 'Pan', 'Pan sobao', '1 unidad', 50, 28, 'Baja', 'base', 'Base'),
('do-galleta-dulce', 'República Dominicana', 'Cereales', 'Galleta dulce', '2 unidades', 24, 16, 'Baja', 'base', 'Base'),
('do-dulce-leche-do', 'República Dominicana', 'Plato mixto', 'Dulce de leche', '2 cucharadas', 40, 20, 'Media', 'mixed', 'Mixto'),
('do-maiz-tierno', 'República Dominicana', 'Cereales', 'Maíz tierno', '1/2 taza', 80, 15, 'Baja', 'base', 'Base'),
('do-avena-do2', 'República Dominicana', 'Cereales', 'Avena con leche', '1 taza', 250, 25, 'Media', 'base', 'Base'),
('do-jugo-pina', 'República Dominicana', 'Fruta', 'Jugo de piña', '1 vaso', 200, 22, 'Baja', 'base', 'Base'),
('do-jugo-chinola', 'República Dominicana', 'Fruta', 'Jugo de chinola', '1 vaso', 200, 20, 'Baja', 'base', 'Base'),
('do-mamey', 'República Dominicana', 'Fruta', 'Mamey', '1/2 taza', 120, 18, 'Media', 'base', 'Base'),
('do-nispero', 'República Dominicana', 'Fruta', 'Níspero', '2 unidades', 100, 15, 'Baja', 'base', 'Base'),
('do-cereza-acerola', 'República Dominicana', 'Fruta', 'Acerola', '1 taza', 100, 12, 'Baja', 'base', 'Base'),
('do-coco-fresco', 'República Dominicana', 'Fruta', 'Coco fresco', '1/2 taza', 80, 6, 'Baja', 'base', 'Base'),
('do-aguacate-do', 'República Dominicana', 'Verdura', 'Aguacate dominicano', '1/2 unidad', 100, 5, 'Baja', 'base', 'Base'),
('do-berenjena-do', 'República Dominicana', 'Verdura', 'Berenjena guisada', '1/2 taza', 90, 8, 'Media', 'base', 'Base'),
('do-ayote-do', 'República Dominicana', 'Verdura', 'Calabaza ayote', '1/2 taza', 100, 10, 'Baja', 'base', 'Base'),
('do-chayote', 'República Dominicana', 'Verdura', 'Chayote', '1/2 taza', 90, 6, 'Baja', 'base', 'Base'),
('do-berro', 'República Dominicana', 'Verdura', 'Berro', '1 taza', 80, 3, 'Baja', 'base', 'Base'),
('do-longaniza', 'República Dominicana', 'Proteína', 'Longaniza', '1 porción', 80, 2, 'Baja', 'modulator', 'Modulador'),
('do-morcilla', 'República Dominicana', 'Proteína', 'Morcilla', '1 porción', 60, 5, 'Media', 'modulator', 'Modulador'),
('do-pollo-guisado-do', 'República Dominicana', 'Proteína', 'Pollo guisado', '1 porción', 100, 0, 'Baja', 'modulator', 'Modulador'),
('do-camarones', 'República Dominicana', 'Proteína', 'Camarones', '1 porción', 100, 0, 'Baja', 'modulator', 'Modulador'),
('do-pulpo-do', 'República Dominicana', 'Proteína', 'Pulpo', '1 porción', 100, 0, 'Baja', 'modulator', 'Modulador'),
('do-queso-crema', 'República Dominicana', 'Lácteos', 'Queso crema', '2 cucharadas', 30, 2, 'Baja', 'base', 'Base'),
('do-leche-evaporada', 'República Dominicana', 'Lácteos', 'Leche evaporada', '1/3 taza', 80, 10, 'Baja', 'base', 'Base'),
('do-cafe-mama', 'República Dominicana', 'Lácteos', 'Café dominicano', '1 taza', 200, 2, 'Baja', 'modulator', 'Modulador'),
('do-maltin', 'República Dominicana', 'Plato mixto', 'Malta', '1 lata', 355, 35, 'Alta', 'mixed', 'Mixto'),
('do-refresco', 'República Dominicana', 'Plato mixto', 'Refresco', '1 lata', 355, 40, 'Alta', 'mixed', 'Mixto'),
('do-helado-do', 'República Dominicana', 'Lácteos', 'Helado', '1 bola', 50, 15, 'Media', 'base', 'Base'),
('do-flan-do', 'República Dominicana', 'Plato mixto', 'Flan', '1 ración', 120, 30, 'Media', 'mixed', 'Mixto'),
('do-bizcocho-do', 'República Dominicana', 'Cereales', 'Bizcocho', '1 porción', 60, 25, 'Media', 'base', 'Base'),
('do-dona-do', 'República Dominicana', 'Cereales', 'Dona', '1 unidad', 55, 28, 'Alta', 'base', 'Base'),
('do-pan-de-leche', 'República Dominicana', 'Pan', 'Pan de leche', '1 unidad', 50, 25, 'Media', 'base', 'Base'),
('do-casabe-tostada', 'República Dominicana', 'Pan', 'Casabe tostada', '1 unidad', 30, 15, 'Baja', 'base', 'Base'),
('do-arepa-dulce', 'República Dominicana', 'Pan', 'Arepa dulce', '1 unidad', 70, 30, 'Media', 'base', 'Base'),
('do-harina-trigo', 'República Dominicana', 'Cereales', 'Harina de trigo', '1/4 taza', 30, 22, 'Media', 'base', 'Base'),
('do-pan-maiz', 'República Dominicana', 'Pan', 'Pan de maíz', '1 unidad', 55, 28, 'Media', 'base', 'Base'),
('do-guineo-verde', 'República Dominicana', 'Tubérculos', 'Guineo verde hervido', '1/2 unidad', 80, 18, 'Baja', 'base', 'Base'),
('do-platano-maduro-frito', 'República Dominicana', 'Tubérculos', 'Plátano maduro frito', '2 rodajas', 60, 20, 'Media', 'base', 'Base'),
('do-ensalada-rusa', 'República Dominicana', 'Plato mixto', 'Ensalada rusa', '1/2 taza', 120, 15, 'Media', 'mixed', 'Mixto'),
('do-pasta-ensalada', 'República Dominicana', 'Plato mixto', 'Ensalada de pasta', '1 plato', 250, 35, 'Alta', 'mixed', 'Mixto'),
('do-sopa-criolla', 'República Dominicana', 'Plato mixto', 'Sopa criolla', '1 bol', 300, 20, 'Media', 'mixed', 'Mixto'),
('do-asopao', 'República Dominicana', 'Plato mixto', 'Asopao', '1 plato', 350, 40, 'Alta', 'mixed', 'Mixto'),
('do-pescado-criollo', 'República Dominicana', 'Plato mixto', 'Pescado criollo', '1 plato', 250, 10, 'Media', 'mixed', 'Mixto'),
('do-mondongo', 'República Dominicana', 'Plato mixto', 'Mondongo', '1 plato', 300, 15, 'Media', 'mixed', 'Mixto'),
('do-rabo-guisado', 'República Dominicana', 'Plato mixto', 'Rabo guisado', '1 plato', 250, 10, 'Media', 'mixed', 'Mixto'),
('do-pollo-frito-do', 'República Dominicana', 'Plato mixto', 'Pollo frito', '1 porción', 150, 8, 'Media', 'mixed', 'Mixto'),
('do-tostada-hallulla', 'República Dominicana', 'Pan', 'Tostada de hallulla', '1 unidad', 50, 28, 'Baja', 'base', 'Base'),
('do-mantequilla-do', 'República Dominicana', 'Lácteos', 'Mantequilla', '1 cucharada', 14, 0, 'Baja', 'modulator', 'Modulador'),
('do-queso-amarillo', 'República Dominicana', 'Lácteos', 'Queso amarillo', '1 loncha', 25, 1, 'Baja', 'base', 'Base'),
('do-leche-condensada-do', 'República Dominicana', 'Lácteos', 'Leche condensada', '2 cucharadas', 40, 20, 'Media', 'base', 'Base'),
('do-jugo-mora', 'República Dominicana', 'Fruta', 'Jugo de mora', '1 vaso', 200, 20, 'Baja', 'base', 'Base'),
('do-sandia', 'República Dominicana', 'Fruta', 'Sandía', '1 taza', 150, 12, 'Baja', 'base', 'Base'),
('do-melon', 'República Dominicana', 'Fruta', 'Melón', '1 taza', 150, 12, 'Baja', 'base', 'Base'),
('do-uvas-do', 'República Dominicana', 'Fruta', 'Uvas', '1 taza', 150, 15, 'Baja', 'base', 'Base'),
('do-pera-do', 'República Dominicana', 'Fruta', 'Pera', '1 unidad', 180, 15, 'Baja', 'base', 'Base'),
('do-manzana-do', 'República Dominicana', 'Fruta', 'Manzana', '1 unidad', 180, 20, 'Baja', 'base', 'Base'),
('do-naranja-do', 'República Dominicana', 'Fruta', 'Naranja', '1 unidad', 150, 15, 'Baja', 'base', 'Base'),
('do-limon-do', 'República Dominicana', 'Fruta', 'Limón', '1 unidad', 60, 5, 'Baja', 'base', 'Base'),
('do-agua-coco', 'República Dominicana', 'Fruta', 'Agua de coco', '1 vaso', 240, 10, 'Baja', 'base', 'Base'),
('pan-molde', 'España', 'Pan', 'Pan de molde', '1 rebanada', 30, 12, 'Baja', 'base', 'Base'),
('aceite-oliva', 'España', 'Grasa', 'Aceite de oliva', '1 cucharada', 10, 0, 'Baja', 'modulator', 'Modulador'),
('pan-integral-100g', 'España', 'Pan', 'Pan integral', '100 g', 100, 45, 'Media', 'base', '8 g fibra/100 g (BEDCA)'),
('arroz-cocido-150g', 'España', 'Cereales', 'Arroz blanco cocido', '1 taza (150 g)', 150, 40, 'Baja', 'base', 'BEDCA'),
('pasta-cocida-140g', 'España', 'Cereales', 'Pasta cocida', '1 taza (140 g)', 140, 35, 'Baja', 'base', 'BEDCA'),
('arroz-integral-cocido-150g', 'España', 'Cereales', 'Arroz integral cocido', '1 taza (150 g)', 150, 38, 'Baja', 'base', 'BEDCA'),
('patata-cocida-150g', 'España', 'Tubérculos', 'Patata cocida', '1 patata mediana (150 g)', 150, 25, 'Baja', 'base', 'BEDCA'),
('boniato-asado-130g', 'España', 'Tubérculos', 'Boniato asado', '1 boniato pequeño (130 g)', 130, 26, 'Media', 'base', 'BEDCA'),
('lentejas-cocidas-200g', 'España', 'Legumbres', 'Lentejas cocidas', '1 plato (200 g)', 200, 24, 'Media', 'base', '12 g HC/100 g, 5 g fibra/100 g'),
('maiz-grano', 'España', 'Verdura', 'Maíz en grano', '100 g', 100, 19, 'Media', 'base', 'BEDCA'),
('guisantes-cocidos', 'España', 'Verdura', 'Guisantes cocidos', '100 g', 100, 14, 'Baja', 'base', 'BEDCA'),
('pina-almibar', 'España', 'Fruta', 'Piña en almíbar', '100 g', 100, 20, 'Media', 'base', 'BEDCA'),
('ensalada-mixta', 'España', 'Verdura', 'Ensalada mixta', '100 g', 100, 5, 'Baja', 'base', 'Verdura libre'),
('ketchup', 'España', 'Salsa', 'Kétchup', '1 cucharada', 15, 4, 'Baja', 'base', 'BEDCA'),
('calamares-romana', 'España', 'Plato mixto', 'Calamares a la romana', '100 g', 100, 15, 'Alta', 'mixed', 'Rebozado'),
('pasta-carbonara', 'España', 'Plato mixto', 'Pasta carbonara', '1 plato', 250, 45, 'Alta', 'mixed', 'BEDCA'),
('pizza-pepperoni', 'España', 'Plato mixto', 'Pizza pepperoni', '1 porción', 125, 30, 'Alta', 'mixed', 'BEDCA'),
('tostadas-pan', 'España', 'Pan', 'Tostadas de pan', '2 unidades', 50, 20, 'Baja', 'base', 'BEDCA'),
('nueces', 'España', 'Grasa', 'Nueces', '30 g', 30, 3, 'Baja', 'modulator', 'Modulador'),
('cerveza', 'España', 'Bebida', 'Cerveza', '1 caña (200 ml)', 200, 10, 'Media', 'base', 'BEDCA'),
('vino-tinto', 'España', 'Bebida', 'Vino tinto', '1 copa (100 ml)', 100, 3, 'Baja', 'base', 'BEDCA'),
('tarta-cumpleanos', 'España', 'Dulce', 'Tarta de cumpleaños', '100 g', 100, 45, 'Alta', 'base', 'BEDCA'),
('chocolate-leche', 'España', 'Dulce', 'Chocolate con leche', '100 g', 100, 50, 'Media', 'base', 'BEDCA'),
('bocadillo-jamon', 'España', 'Plato mixto', 'Bocadillo de jamón', '1 unidad', 150, 50, 'Alta', 'mixed', '100 g pan de barra'),
('patatas-fritas-150g', 'España', 'Tubérculos', 'Patatas fritas', 'ración mediana (150 g)', 150, 38, 'Media', 'base', 'BEDCA'),
('patatas-fritas-100g', 'España', 'Tubérculos', 'Patatas fritas', 'ración pequeña (100 g)', 100, 25, 'Media', 'base', 'BEDCA'),
('leche-semi-200ml', 'España', 'Lácteos', 'Leche semidesnatada', '1 vaso (200 ml)', 200, 10, 'Baja', 'base', 'BEDCA'),
('tomate-frito', 'España', 'Salsa', 'Tomate frito', '2 cucharadas (50 g)', 50, 6, 'Media', 'base', 'BEDCA'),
('embutido-almidon', 'España', 'Embutido', 'Embutido con almidón', '2 lonchas (50 g)', 50, 8, 'Media', 'base', 'BEDCA — relleno con fécula'),
('salsa-barbacoa', 'España', 'Salsa', 'Salsa barbacoa', '1 cucharada (15 g)', 15, 6, 'Media', 'base', 'BEDCA')
ON CONFLICT (id) DO UPDATE SET
  country = EXCLUDED.country,
  category = EXCLUDED.category,
  name = EXCLUDED.name,
  portion_text = EXCLUDED.portion_text,
  grams = EXCLUDED.grams,
  carbs_g = EXCLUDED.carbs_g,
  difficulty = EXCLUDED.difficulty,
  item_type = EXCLUDED.item_type,
  notes = EXCLUDED.notes,
  updated_at = now();

INSERT INTO public.lessons (id, level_id, order_index, title, summary, steps) VALUES
('l1-lesson-1', 'nivel-1', 1, 'Qué es una ración (10 g HC = 1 ración)', 'Aprende el concepto básico de ración de carbohidratos y por qué 10 g es el estándar en España.', '[{"id":"l1-lesson-1-s1","type":"explanation","title":"¿Qué es una ración?","body":"Una ración de carbohidratos son 10 gramos de HC. Es la medida que usan los médicos en España para contar lo que comes."},{"id":"l1-lesson-1-s2","type":"explanation","title":"¿Por qué 10 gramos?","body":"Porque 10 g de HC elevan la glucemia de forma parecida en la mayoría de personas. Así puedes comparar manzanas con pan o arroz."},{"id":"l1-lesson-1-s3","type":"example","title":"Ejemplo rápido","body":"1 rebanada pequeña de pan = ~10 g HC = 1 ración. 1 manzana mediana = ~15 g HC = 1,5 raciones.","foodId":"pan-molde"},{"id":"l1-lesson-1-s4","type":"explanation","title":"Tu objetivo","body":"Al final de esta lección sabrás identificar cuántas raciones tiene un alimento simple."},{"id":"l1-lesson-1-practice","type":"practice","title":"Practica ahora","body":"Comprueba lo aprendido con un ejercicio rápido.","exerciseId":"ex-l1-1-basic-ration"}]'::jsonb),
('l1-lesson-2', 'nivel-1', 2, 'Gramos del alimento vs gramos de carbohidratos', 'No todo el peso del alimento es carbohidrato. Aprende a leer etiquetas y tablas nutricionales.', '[{"id":"l1-lesson-2-s1","type":"explanation","title":"La confusión más común","body":"100 g de pan NO son 100 g de carbohidratos. El pan tiene agua, proteína, grasa y HC. Solo contamos los HC."},{"id":"l1-lesson-2-s2","type":"explanation","title":"Cómo leer la etiqueta","body":"Busca \"Hidratos de carbono\" en la tabla nutricional. Ese número (por 100 g) es lo que te importa. Ignora el peso total del alimento."},{"id":"l1-lesson-2-s3","type":"explanation","title":"Fórmula mágica","body":"(Gramos de alimento × HC por 100 g) ÷ 100 = Gramos de HC. Luego divide por 10 para obtener raciones."},{"id":"l1-lesson-2-s4","type":"example","title":"Ejemplo con yogur","body":"125 g de yogur natural × 5 g HC/100 g = 6,25 g HC ≈ 0,6 raciones. ¡No son 12,5 raciones!","foodId":"yogur-natural"},{"id":"l1-lesson-2-practice","type":"practice","title":"Practica ahora","body":"Comprueba lo aprendido con un ejercicio rápido.","exerciseId":"ex-l1-2-label-reading"}]'::jsonb),
('l1-lesson-3', 'nivel-1', 3, 'Proteínas y grasas: los "moduladores" (0 raciones)', 'Carne, pollo, huevo, pescado y aceites no cuentan como carbohidratos. Pero afectan cómo absorbes los HC.', '[{"id":"l1-lesson-3-s1","type":"explanation","title":"¿Qué son los moduladores?","body":"Son alimentos con 0 o casi 0 carbohidratos: pollo, carne, huevo, pescado, aceite, mantequilla. No suman raciones."},{"id":"l1-lesson-3-s2","type":"explanation","title":"¿Por qué importan?","body":"Las proteínas y grasas retrasan la absorción de los carbohidratos. Una pizza con mucho queso sube la glucosa más tarde que un pan solo."},{"id":"l1-lesson-3-s3","type":"example","title":"Ejemplo: tortilla española","body":"1 huevo = 0 g HC. 100 g de patata = ~17 g HC (1,7 raciones). La tortilla tiene HC por la patata, no por el huevo.","foodId":"huevo"},{"id":"l1-lesson-3-s4","type":"example","title":"Regla de oro","body":"Si el alimento es solo proteína o grasa (pollo a la plancha, aceite de oliva), cuenta 0 raciones. Si tiene mezcla (empanado, salsa), lee la etiqueta.","foodId":"pollo"},{"id":"l1-lesson-3-practice","type":"practice","title":"Practica ahora","body":"Comprueba lo aprendido con un ejercicio rápido.","exerciseId":"ex-l1-3-zero-carb-identify"}]'::jsonb),
('l1-lesson-4', 'nivel-1', 4, 'Fibra y carbohidratos netos: qué cuenta realmente', 'La fibra no cuenta como ración. Aprende a restarla si la etiqueta la muestra por separado (según FEN y ADA).', '[{"id":"l1-lesson-4-s1","type":"explanation","title":"¿Qué es la fibra?","body":"Es un tipo de carbohidrato que tu cuerpo no digiere. No sube la glucosa. La FEN recomienda 25-30 g de fibra al día."},{"id":"l1-lesson-4-s2","type":"explanation","title":"HC totales vs HC netos","body":"HC netos = HC totales − Fibra. Si la etiqueta separa la fibra, puedes restarla. Si no, usa los HC totales (más seguro)."},{"id":"l1-lesson-4-s3","type":"example","title":"Ejemplo: pan integral","body":"100 g de pan integral = 45 g HC totales, 8 g fibra. HC netos = 37 g ≈ 3,7 raciones. Sin restar fibra = 4,5 raciones.","foodId":"pan-integral-100g"},{"id":"l1-lesson-4-s4","type":"explanation","title":"Recomendación para Migajas","body":"Enseñamos HC totales (sin restar fibra) para simplificar, salvo que el usuario tenga instrucciones de su médico para restar fibra (común en diabetes tipo 1 con insulina)."},{"id":"l1-lesson-4-practice","type":"practice","title":"Practica ahora","body":"Comprueba lo aprendido con un ejercicio rápido.","exerciseId":"ex-l1-4-fiber-net-carbs"}]'::jsonb),
('l1-lesson-5', 'nivel-1', 5, 'Pan, fruta y lácteos: los básicos de cada día', 'Estos tres grupos son la base de los carbohidratos diarios. Aprende porciones típicas y raciones equivalentes.', '[{"id":"l1-lesson-5-s1","type":"example","title":"Pan y cereales","body":"1 rebanada de pan de molde = ~10 g HC (1 ración). 1 rebanada de pan de barra = ~15 g HC (1,5 raciones). El integral tiene más fibra.","foodId":"pan-molde"},{"id":"l1-lesson-5-s2","type":"example","title":"Fruta","body":"1 manzana mediana = ~15 g HC (1,5 raciones). 1 plátano pequeño = ~20 g HC (2 raciones). El zumo cuenta igual que la fruta entera.","foodId":"manzana"},{"id":"l1-lesson-5-s3","type":"example","title":"Lácteos","body":"1 vaso de leche (200 ml) = ~10 g HC (1 ración). 1 yogur natural = ~5-6 g HC (0,5-0,6 raciones). Los lácteos azucarados tienen más.","foodId":"leche-semi-200ml"},{"id":"l1-lesson-5-s4","type":"explanation","title":"Truco visual","body":"1 ración de fruta = 1 pieza del tamaño de tu puño. 1 ración de pan = 1 rebanada fina. 1 ración de leche = 1 vaso pequeño."},{"id":"l1-lesson-5-practice","type":"practice","title":"Practica ahora","body":"Comprueba lo aprendido con un ejercicio rápido.","exerciseId":"ex-l1-5-fruit-bread-dairy"}]'::jsonb),
('l2-lesson-1', 'nivel-2', 1, 'Arroz y pasta: porciones en tazas y gramos', 'Arroz y pasta son carbohidratos concentrados. Aprende a medir porciones cocidas y crudas con equivalencias prácticas.', '[{"id":"l2-lesson-1-s1","type":"example","title":"Arroz cocido","body":"1 taza de arroz cocido (150 g) = ~40 g HC (4 raciones). ½ taza = 2 raciones. Mide con una taza de cocina estándar.","foodId":"arroz-cocido-150g"},{"id":"l2-lesson-1-s2","type":"example","title":"Pasta cocida","body":"1 taza de pasta cocida (140 g) = ~35 g HC (3,5 raciones). La pasta integral tiene más fibra pero similar HC total.","foodId":"pasta-cocida-140g"},{"id":"l2-lesson-1-s3","type":"explanation","title":"Crudo vs cocido","body":"100 g de arroz crudo = 77 g HC (7,7 raciones). Al cocerse, absorbe agua y pesa más, pero los HC no cambian."},{"id":"l2-lesson-1-s4","type":"example","title":"Consejo ADA","body":"Elige pasta y arroz integral cuando puedas. La fibra extra ayuda a que la glucosa suba más despacio.","foodId":"arroz-integral-cocido-150g"},{"id":"l2-lesson-1-practice","type":"practice","title":"Practica ahora","body":"Comprueba lo aprendido con un ejercicio rápido.","exerciseId":"ex-l2-1-rice-pasta-portions"}]'::jsonb),
('l2-lesson-2', 'nivel-2', 2, 'Patata y boniato: no son verduras, son carbohidratos', 'Patata, boniato y batata cuentan como raciones, no como verduras libres. Aprende porciones y formas de cocción.', '[{"id":"l2-lesson-2-s1","type":"example","title":"Patata cocida","body":"1 patata mediana cocida (150 g) = ~25 g HC (2,5 raciones). Las patatas fritas tienen más grasa pero similar HC.","foodId":"patata-cocida-150g"},{"id":"l2-lesson-2-s2","type":"example","title":"Boniato/batata","body":"1 boniato pequeño (130 g) = ~26 g HC (2,6 raciones). Es más dulce que la patata pero cuenta similar.","foodId":"boniato-asado-130g"},{"id":"l2-lesson-2-s3","type":"example","title":"Puré instantáneo","body":"Cuidado: el puré de sobre puede tener leche en polvo y almidones. 100 g de puré preparado = ~12 g HC (1,2 raciones).","foodId":"es-pure-patata"},{"id":"l2-lesson-2-s4","type":"explanation","title":"Consejo de cocción","body":"Cocer o asar es mejor que freír. La grasa de la fritura no cuenta como HC, pero afecta la absorción (glucemia tardía)."},{"id":"l2-lesson-2-practice","type":"practice","title":"Practica ahora","body":"Comprueba lo aprendido con un ejercicio rápido.","exerciseId":"ex-l2-2-potato-sweet-potato"}]'::jsonb),
('l2-lesson-3', 'nivel-2', 3, 'Legumbres: lentejas, garbanzos y alubias (con fibra y proteína)', 'Las legumbres son carbohidratos complejos con mucha fibra y proteína. Cuentan como raciones, pero de absorción más lenta.', '[{"id":"l2-lesson-3-s1","type":"example","title":"Lentejas cocidas","body":"1 plato de lentejas cocidas (200 g) = ~24 g HC (2,4 raciones). Tienen 5 g de fibra, que ayuda a frenar la subida de glucosa.","foodId":"lentejas-cocidas-200g"},{"id":"l2-lesson-3-s2","type":"example","title":"Garbanzos y alubias","body":"100 g de garbanzos cocidos = ~16 g HC (1,6 raciones). 100 g de alubias rojas = ~14 g HC (1,4 raciones).","foodId":"garbanzos-cocidos"},{"id":"l2-lesson-3-s3","type":"explanation","title":"¿Por qué son especiales?","body":"Tienen proteína vegetal y mucha fibra. Por eso, aunque tienen HC, suben la glucosa más despacio que el pan o el arroz."},{"id":"l2-lesson-3-s4","type":"example","title":"Consejos FEN y ADA","body":"La FEN y ADA recomiendan legumbres 2-3 veces por semana. Son parte de la dieta mediterránea y ayudan a controlar la glucemia.","foodId":"alubias-cocidas"},{"id":"l2-lesson-3-practice","type":"practice","title":"Practica ahora","body":"Comprueba lo aprendido con un ejercicio rápido.","exerciseId":"ex-l2-3-legumes-counting"}]'::jsonb),
('l3-lesson-1', 'nivel-3', 1, 'Verduras: cuáles son "libres" y cuáles cuentan', 'La mayoría de verduras son muy bajas en carbohidratos, pero algunas (calabaza, zanahoria, maíz) sí cuentan como raciones.', '[{"id":"l3-lesson-1-s1","type":"example","title":"Verduras \"libres\" (0 raciones)","body":"Lechuga, espinacas, pepino, tomate, brócoli, coliflor, judías verdes. Tienen menos de 5 g de HC por ración. Come libremente.","foodId":"es-lechuga"},{"id":"l3-lesson-1-s2","type":"example","title":"Verduras que SÍ cuentan","body":"Calabaza cocida (100 g = ~6 g HC), zanahoria cocida (100 g = ~8 g HC), maíz (100 g = ~19 g HC). Estas sí suman raciones.","foodId":"calabaza"},{"id":"l3-lesson-1-s3","type":"example","title":"Truco de cocción","body":"Las verduras cocidas concentran más los HC que las crudas. 100 g de zanahoria cruda = 5 g HC, cocida = 8 g HC.","foodId":"zanahoria"},{"id":"l3-lesson-1-s4","type":"example","title":"Recomendación diaria","body":"La FEN recomienda 2-3 raciones de verdura al día. Prioriza las \"libres\" para llenar el plato sin sumar carbohidratos.","foodId":"maiz-grano"},{"id":"l3-lesson-1-practice","type":"practice","title":"Practica ahora","body":"Comprueba lo aprendido con un ejercicio rápido.","exerciseId":"ex-l3-1-vegetable-carb-identify"}]'::jsonb),
('l3-lesson-2', 'nivel-3', 2, 'Frutas avanzadas: zumo vs pieza, densidad y variedades españolas', 'No todas las frutas son iguales. El zumo cuenta igual que la fruta, pero algunas frutas son mucho más densas en carbohidratos.', '[{"id":"l3-lesson-2-s1","type":"example","title":"Zumo vs fruta entera","body":"1 vaso de zumo de naranja (200 ml) = ~20 g HC (2 raciones), igual que 1 naranja grande. Pero el zumo no tiene fibra, así que sube más rápido la glucosa.","foodId":"es-zumo-naranja"},{"id":"l3-lesson-2-s2","type":"example","title":"Frutas muy densas","body":"Uvas (100 g = ~18 g HC), higos, chirimoya, mango. Son saludables, pero 1 puñado puede ser 2-3 raciones. Mide con cuidado.","foodId":"uvas"},{"id":"l3-lesson-2-s3","type":"example","title":"Frutas menos densas","body":"Fresas (100 g = ~6 g HC), melón, sandía. Puedes comer más cantidad con menos raciones. Ideales para saciar sin exceso de HC.","foodId":"fresas"},{"id":"l3-lesson-2-s4","type":"example","title":"Fruta en almíbar","body":"Cuidado: la fruta en almíbar tiene azúcar añadido. 100 g de piña en almíbar = ~20 g HC, vs 10 g de piña natural.","foodId":"pina-almibar"},{"id":"l3-lesson-2-practice","type":"practice","title":"Practica ahora","body":"Comprueba lo aprendido con un ejercicio rápido.","exerciseId":"ex-l3-2-fruit-density-juice"}]'::jsonb),
('l4-lesson-1', 'nivel-4', 1, 'Concepto de plato compuesto: cómo sumar raciones de varios alimentos', 'La mayoría de comidas combinan varios alimentos. Aprende a sumar las raciones de cada ingrediente para obtener el total.', '[{"id":"l4-lesson-1-s1","type":"explanation","title":"Descomponer el plato","body":"Separa mentalmente cada ingrediente: pan + carne + patata + ensalada. Suma solo los que tienen carbohidratos."},{"id":"l4-lesson-1-s2","type":"example","title":"Ejemplo: filete con patatas","body":"Filete de ternera = 0 raciones (solo proteína). 150 g de patata cocida = 2,5 raciones. Ensalada = 0 raciones. Total = 2,5 raciones.","foodId":"patata-cocida-150g"},{"id":"l4-lesson-1-s3","type":"example","title":"Salsas y rebozados","body":"El rebozado (harina, pan rallado) suma carbohidratos. Las salsas con azúcar (kétchup, salsa barbacoa) también. Lee la etiqueta.","foodId":"ketchup"},{"id":"l4-lesson-1-s4","type":"example","title":"Plato del servidor","body":"Divide tu plato en 3: ½ verduras, ¼ proteína (pollo, pescado), ¼ carbohidratos (arroz, patata, pasta). Es la recomendación de la ADA y FEN.","foodId":"ensalada-mixta"},{"id":"l4-lesson-1-practice","type":"practice","title":"Practica ahora","body":"Comprueba lo aprendido con un ejercicio rápido.","exerciseId":"ex-l4-1-mixed-plate-sum"}]'::jsonb),
('l4-lesson-2', 'nivel-4', 2, 'Cocina de casa: guisos, paella, tortilla y platos españoles típicos', 'Aprende a calcular raciones en platos típicos españoles: paella, tortilla, cocido, gazpacho, fabada.', '[{"id":"l4-lesson-2-s1","type":"example","title":"Paella","body":"1 plato de paella (300 g) = ~45 g HC (4,5 raciones) por el arroz. El pollo, marisco y verduras no suman HC, solo el arroz.","foodId":"paella"},{"id":"l4-lesson-2-s2","type":"example","title":"Tortilla de patata","body":"1 ración de tortilla (100 g) = ~10 g HC (1 ración) por la patata. El huevo y aceite no cuentan. Varía según la cantidad de patata.","foodId":"tortilla-patata"},{"id":"l4-lesson-2-s3","type":"example","title":"Gazpacho","body":"1 vaso de gazpacho (250 ml) = ~10 g HC (1 ración) por el tomate, pimiento y pan que lleva. Sin pan añadido, menos HC.","foodId":"es-gazpacho"},{"id":"l4-lesson-2-s4","type":"example","title":"Fabada o cocido","body":"1 plato de fabada (300 g) = ~30 g HC (3 raciones) por las alubias y chorizo (el chorizo tiene almidón). El compango no cuenta.","foodId":"es-fabada"},{"id":"l4-lesson-2-practice","type":"practice","title":"Practica ahora","body":"Comprueba lo aprendido con un ejercicio rápido.","exerciseId":"ex-l4-2-spanish-home-dishes"}]'::jsonb),
('l4-lesson-3', 'nivel-4', 3, 'Fuera de casa: tapas, bocadillos, pizzas y restaurantes', 'Comer fuera es un reto. Aprende a estimar raciones en situaciones sociales: tapeo, bocadillos, comida rápida.', '[{"id":"l4-lesson-3-s1","type":"example","title":"Bocadillos","body":"1 bocadillo de pan de barra (100 g de pan) = ~50 g HC (5 raciones). El relleno (jamón, tortilla) no cuenta, solo el pan.","foodId":"bocadillo-jamon"},{"id":"l4-lesson-3-s2","type":"example","title":"Tapas típicas","body":"Patatas fritas (ración mediana 150 g) = ~38 g HC (3,8 raciones). Calamares a la romana (rebozados) = ~15 g HC por el rebozado.","foodId":"patatas-fritas-150g"},{"id":"l4-lesson-3-s3","type":"example","title":"Pizza","body":"1 porción de pizza (125 g) = ~30 g HC (3 raciones) por la masa. Cuanto más fina la masa, menos HC. El queso y ingredientes no suman.","foodId":"pizza"},{"id":"l4-lesson-3-s4","type":"example","title":"Truco de restaurante","body":"Pide la salsa aparte, elige opciones a la plancha, y comparte las patatas fritas o el pan. Así controlas mejor las raciones.","foodId":"calamares-romana"},{"id":"l4-lesson-3-practice","type":"practice","title":"Practica ahora","body":"Comprueba lo aprendido con un ejercicio rápido.","exerciseId":"ex-l4-3-tapas-bocadillo-pizza"}]'::jsonb),
('l5-lesson-1', 'nivel-5', 1, 'Grasas y proteínas: impacto en la glucemia tardía (concepto avanzado)', 'Las comidas muy grasas o proteicas pueden retrasar el pico de glucosa 3-5 horas. Aprende a identificar estas situaciones.', '[{"id":"l5-lesson-1-s1","type":"explanation","title":"El efecto de la grasa","body":"Una pizza o una comida con mucha grasa (frituras, quesos) puede hacer que la glucosa suba más tarde (3-5 horas después)."},{"id":"l5-lesson-1-s2","type":"explanation","title":"Proteínas en exceso","body":"Comer mucha proteína (filete grande, pollo entero) también puede retrasar la absorción de carbohidratos y afectar la glucemia tardía."},{"id":"l5-lesson-1-s3","type":"explanation","title":"¿Qué hacer?","body":"Si comes muy grasas, vigila la glucosa varias horas después, no solo a las 2 horas. Habla con tu médico si usas insulina."},{"id":"l5-lesson-1-s4","type":"example","title":"Ejemplo: pizza vs pasta","body":"La pasta (poca grasa) sube la glucosa a las 2 horas. La pizza (mucha grasa) puede subirla a las 4-5 horas. Ambas tienen HC similares.","foodId":"pizza-pepperoni"},{"id":"l5-lesson-1-practice","type":"practice","title":"Practica ahora","body":"Comprueba lo aprendido con un ejercicio rápido.","exerciseId":"ex-l5-1-fat-protein-delayed-glucose"}]'::jsonb),
('l5-lesson-2', 'nivel-5', 2, 'Menús completos: desayunos, comidas, meriendas y cenas', 'Integra todo lo aprendido calculando raciones en menús completos de un día. Practica con casos reales.', '[{"id":"l5-lesson-2-s1","type":"example","title":"Desayuno típico","body":"1 vaso de leche (1 ración) + 2 tostadas de pan (2 raciones) + 1 pieza de fruta (1,5 raciones) = 4,5 raciones totales.","foodId":"tostadas-pan"},{"id":"l5-lesson-2-s2","type":"example","title":"Comida completa","body":"Ensalada (0) + filete con patatas (2,5 raciones) + 1 yogur (0,5 raciones) + 1 fruta (1 ración) = 4 raciones totales.","foodId":"patata-cocida-150g"},{"id":"l5-lesson-2-s3","type":"example","title":"Merienda","body":"1 sándwich pequeño (2 raciones) o 1 fruta + 3-4 nueces (0 raciones, solo grasa). Las nueces no suman HC.","foodId":"es-sandwich-mixto"},{"id":"l5-lesson-2-s4","type":"example","title":"Cena ligera","body":"Gazpacho (1 ración) + tortilla francesa (0 raciones) + 1 rebanada de pan (1 ración) = 2 raciones totales. Ideal para la noche.","foodId":"es-gazpacho"},{"id":"l5-lesson-2-practice","type":"practice","title":"Practica ahora","body":"Comprueba lo aprendido con un ejercicio rápido.","exerciseId":"ex-l5-2-full-day-menu"}]'::jsonb),
('l5-lesson-3', 'nivel-5', 3, 'Alcohol, celebraciones y situaciones especiales', 'El alcohol afecta la glucemia y cuenta como carbohidratos. Aprende a manejar cervezas, vino y dulces de celebración.', '[{"id":"l5-lesson-3-s1","type":"example","title":"Cerveza","body":"1 caña de cerveza (200 ml) = ~10 g HC (1 ración). La cerveza sin alcohol tiene menos HC (~5 g/200 ml). No cuentes solo el alcohol, cuenta los HC.","foodId":"cerveza"},{"id":"l5-lesson-3-s2","type":"example","title":"Vino","body":"1 copa de vino (100 ml) = ~2-3 g HC (0,2-0,3 raciones). El vino dulce o cava tiene más (hasta 8 g/100 ml).","foodId":"vino-tinto"},{"id":"l5-lesson-3-s3","type":"example","title":"Dulces de celebración","body":"1 trozo de tarta de cumpleaños (100 g) = ~35-50 g HC (3,5-5 raciones). El chocolate (100 g) = ~50 g HC (5 raciones).","foodId":"tarta-cumpleanos"},{"id":"l5-lesson-3-s4","type":"example","title":"Consejo de seguridad","body":"El alcohol puede causar hipoglucemias tardías (6-12 horas después). Si bebes, hazlo con comida y vigila tu glucosa.","foodId":"chocolate-leche"},{"id":"l5-lesson-3-practice","type":"practice","title":"Practica ahora","body":"Comprueba lo aprendido con un ejercicio rápido.","exerciseId":"ex-l5-3-alcohol-celebrations"}]'::jsonb)
ON CONFLICT (id) DO UPDATE SET
  level_id = EXCLUDED.level_id,
  order_index = EXCLUDED.order_index,
  title = EXCLUDED.title,
  summary = EXCLUDED.summary,
  steps = EXCLUDED.steps,
  updated_at = now();

INSERT INTO public.level_exams (level_id, title, description, exercise_ids, pool_exercise_ids, questions_per_exam) VALUES
('nivel-1', 'Examen — Nivel 1', 'Fundamentos: raciones, etiquetas, moduladores, fibra y alimentos básicos. 5 preguntas sorteadas de un banco de 15.', '["ex-l1-1-basic-ration","ex-l1-2-label-reading","ex-l1-3-zero-carb-identify","ex-l1-4-fiber-net-carbs","ex-l1-5-fruit-bread-dairy","n1-ex6","n1-ex7","n1-ex8","n1-ex9","n1-ex10","n1-ex11","n1-ex12","n1-ex13","n1-ex14","n1-ex15"]'::jsonb, '["ex-l1-1-basic-ration","ex-l1-2-label-reading","ex-l1-3-zero-carb-identify","ex-l1-4-fiber-net-carbs","ex-l1-5-fruit-bread-dairy","n1-ex6","n1-ex7","n1-ex8","n1-ex9","n1-ex10","n1-ex11","n1-ex12","n1-ex13","n1-ex14","n1-ex15"]'::jsonb, 5),
('nivel-2', 'Examen — Nivel 2', 'Cereales, tubérculos y legumbres. 4 preguntas sorteadas de un banco de 12.', '["ex-l2-1-rice-pasta-portions","ex-l2-2-potato-sweet-potato","ex-l2-3-legumes-counting","n2-ex4","n2-ex5","n2-ex6","n2-ex7","n2-ex8","n2-ex9","n2-ex10","n2-ex11","n2-ex12"]'::jsonb, '["ex-l2-1-rice-pasta-portions","ex-l2-2-potato-sweet-potato","ex-l2-3-legumes-counting","n2-ex4","n2-ex5","n2-ex6","n2-ex7","n2-ex8","n2-ex9","n2-ex10","n2-ex11","n2-ex12"]'::jsonb, 4),
('nivel-3', 'Examen — Nivel 3', 'Verduras y frutas avanzadas. 4 preguntas sorteadas de un banco de 11.', '["ex-l3-1-vegetable-carb-identify","ex-l3-2-fruit-density-juice","n3-ex3","n3-ex4","n3-ex5","n3-ex6","n3-ex7","n3-ex8","n3-ex9","n3-ex10","n3-ex11"]'::jsonb, '["ex-l3-1-vegetable-carb-identify","ex-l3-2-fruit-density-juice","n3-ex3","n3-ex4","n3-ex5","n3-ex6","n3-ex7","n3-ex8","n3-ex9","n3-ex10","n3-ex11"]'::jsonb, 4),
('nivel-4', 'Examen — Nivel 4', 'Platos mixtos, cocina española y comer fuera. 4 preguntas sorteadas de un banco de 14.', '["ex-l4-1-mixed-plate-sum","ex-l4-2-spanish-home-dishes","ex-l4-3-tapas-bocadillo-pizza","n4-ex4","n4-ex5","n4-ex6","n4-ex7","n4-ex8","n4-ex9","n4-ex10","n4-ex11","n4-ex12","n4-ex13","n4-ex14"]'::jsonb, '["ex-l4-1-mixed-plate-sum","ex-l4-2-spanish-home-dishes","ex-l4-3-tapas-bocadillo-pizza","n4-ex4","n4-ex5","n4-ex6","n4-ex7","n4-ex8","n4-ex9","n4-ex10","n4-ex11","n4-ex12","n4-ex13","n4-ex14"]'::jsonb, 4),
('nivel-5', 'Examen — Nivel 5', 'Integración, menús completos, alcohol y situaciones reales. 6 preguntas sorteadas de un banco de 17.', '["ex-l5-1-fat-protein-delayed-glucose","ex-l5-2-full-day-menu","ex-l5-3-alcohol-celebrations","n5-ex4","n5-ex5","n5-ex6","n5-ex7","n5-ex8","n5-ex9","n5-ex10","n5-ex11","n5-ex12","n5-ex13","n5-ex14","n5-ex15","n5-ex16","n5-ex17"]'::jsonb, '["ex-l5-1-fat-protein-delayed-glucose","ex-l5-2-full-day-menu","ex-l5-3-alcohol-celebrations","n5-ex4","n5-ex5","n5-ex6","n5-ex7","n5-ex8","n5-ex9","n5-ex10","n5-ex11","n5-ex12","n5-ex13","n5-ex14","n5-ex15","n5-ex16","n5-ex17"]'::jsonb, 6)
ON CONFLICT (level_id) DO UPDATE SET
  title = EXCLUDED.title,
  description = EXCLUDED.description,
  exercise_ids = EXCLUDED.exercise_ids,
  pool_exercise_ids = EXCLUDED.pool_exercise_ids,
  questions_per_exam = EXCLUDED.questions_per_exam,
  updated_at = now();
